day_of_week,is_weekend,month,menu_category,is_festival,festival_type,is_poya_day,temperature_avg,rainfall_mm,is_heavy_rain,supplier_invoice_qty,daily_demand_qty
3,1,1,3,0,2,0,28.6,12.0,0,186,200
3,1,1,1,0,2,0,30.2,2.4,0,166,142
3,1,1,2,0,2,0,32.1,3.7,0,103,107
3,1,1,4,0,2,0,26.4,5.1,0,109,99
3,1,1,0,0,2,0,27.3,0.8,0,155,159
1,0,1,3,0,2,0,26.0,0.1,0,170,145
1,0,1,1,0,2,0,27.0,1.4,0,159,121
1,0,1,2,0,2,0,26.6,3.9,0,187,155
1,0,1,4,0,2,0,30.1,0.2,0,130,113
1,0,1,0,0,2,0,29.2,0.1,0,168,158
5,0,1,0,0,2,0,27.3,14.0,0,169,137
5,0,1,2,0,2,0,26.2,9.6,0,115,86
5,0,1,4,0,2,0,31.3,2.2,0,133,111
5,0,1,3,0,2,0,31.7,1.5,0,132,100
5,0,1,1,0,2,0,27.7,4.6,0,123,101
6,0,1,3,0,2,0,28.8,10.5,0,174,162
6,0,1,1,0,2,0,26.6,0.9,0,141,110
6,0,1,2,0,2,0,28.7,1.3,0,132,112
6,0,1,4,0,2,0,32.8,3.7,0,188,138
6,0,1,0,0,2,0,31.6,0.3,0,150,121
4,0,1,3,0,2,0,28.8,1.4,0,142,128
4,0,1,1,0,2,0,30.9,5.2,0,112,95
4,0,1,2,0,2,0,32.5,4.2,0,107,98
4,0,1,4,0,2,0,30.4,1.6,0,127,101
4,0,1,0,0,2,0,30.7,4.4,0,123,106
0,0,1,0,0,2,0,28.2,2.8,0,173,127
0,0,1,2,0,2,0,29.5,3.0,0,94,68
0,0,1,4,0,2,0,29.1,0.9,0,175,150
0,0,1,3,0,2,0,32.2,2.6,0,180,170
0,0,1,1,0,2,0,31.9,5.1,0,198,177
2,1,1,3,0,2,0,30.2,3.1,0,108,98
2,1,1,1,0,2,0,26.5,1.4,0,165,182
2,1,1,2,0,2,0,30.4,1.4,0,196,216
2,1,1,4,0,2,0,31.6,0.8,0,109,120
2,1,1,0,0,2,0,28.3,0.5,0,168,157
3,1,1,3,0,2,0,26.8,1.0,0,141,118
3,1,1,1,0,2,0,28.5,1.5,0,149,148
3,1,1,2,0,2,0,28.9,1.0,0,130,120
3,1,1,4,0,2,0,27.7,0.7,0,111,111
3,1,1,0,0,2,0,30.9,1.8,0,192,176
1,0,1,2,0,2,0,28.9,0.1,0,175,162
1,0,1,0,0,2,0,29.9,3.6,0,134,119
1,0,1,4,0,2,0,27.7,0.6,0,123,100
1,0,1,1,0,2,0,28.0,0.2,0,192,181
1,0,1,3,0,2,0,27.7,4.8,0,82,64
5,0,1,3,0,2,0,27.7,5.2,0,103,84
5,0,1,1,0,2,0,32.9,2.0,0,191,172
5,0,1,2,0,2,0,27.1,2.8,0,159,113
5,0,1,4,0,2,0,30.1,4.5,0,98,86
5,0,1,0,0,2,0,31.7,1.7,0,150,112
6,0,1,3,0,2,0,30.8,2.0,0,161,146
6,0,1,1,0,2,0,30.7,5.3,0,129,120
6,0,1,2,0,2,0,32.1,1.2,0,95,86
6,0,1,4,0,2,0,29.9,3.0,0,81,77
6,0,1,0,0,2,0,32.8,3.3,0,111,95
4,0,1,0,0,2,0,26.0,0.7,0,161,132
4,0,1,4,0,2,0,30.1,1.9,0,168,145
4,0,1,3,0,2,0,28.4,1.7,0,127,116
4,0,1,1,0,2,0,32.0,2.1,0,112,96
4,0,1,2,0,2,0,26.6,0.7,0,117,101
0,0,1,3,0,2,0,29.1,20.8,1,179,134
0,0,1,1,0,2,0,27.7,1.6,0,99,78
0,0,1,2,0,2,0,31.2,5.1,0,112,94
0,0,1,4,0,2,0,29.6,4.0,0,101,77
0,0,1,0,0,2,0,32.8,2.0,0,133,123
2,1,1,4,0,2,1,29.3,1.3,0,85,81
2,1,1,2,0,2,1,30.0,5.9,0,96,109
2,1,1,0,0,2,1,26.1,10.5,0,192,193
2,1,1,3,0,2,1,29.0,1.7,0,176,178
2,1,1,1,0,2,1,29.4,0.9,0,140,139
3,1,1,3,0,2,1,30.0,15.7,0,195,181
3,1,1,1,0,2,1,28.7,7.6,0,146,130
3,1,1,2,0,2,1,29.9,11.0,0,137,153
3,1,1,4,0,2,1,26.5,0.9,0,126,143
3,1,1,0,0,2,1,27.0,2.9,0,81,76
1,0,1,3,0,2,0,31.9,0.6,0,197,156
1,0,1,1,0,2,0,28.1,6.6,0,178,136
1,0,1,2,0,2,0,30.3,0.3,0,86,71
1,0,1,4,0,2,0,31.6,4.2,0,189,170
1,0,1,0,0,2,0,32.2,1.6,0,171,144
5,0,1,4,0,2,0,26.9,3.0,0,132,101
5,0,1,2,0,2,0,27.8,0.2,0,94,74
5,0,1,0,0,2,0,32.8,2.4,0,85,61
5,0,1,3,0,2,0,29.1,4.5,0,130,106
5,0,1,1,0,2,0,29.8,1.4,0,137,125
6,0,1,3,0,2,0,29.7,3.1,0,134,98
6,0,1,1,0,2,0,26.9,14.0,0,185,144
6,0,1,2,0,2,0,31.6,1.3,0,171,152
6,0,1,4,0,2,0,27.8,0.8,0,141,128
6,0,1,0,0,2,0,30.9,2.1,0,137,127
4,0,1,3,0,2,0,29.1,1.1,0,197,173
4,0,1,1,0,2,0,30.6,1.3,0,95,79
4,0,1,2,0,2,0,30.6,2.3,0,172,138
4,0,1,4,0,2,0,27.7,1.8,0,180,131
4,0,1,0,0,2,0,28.4,0.4,0,126,89
0,0,1,0,0,2,0,29.5,7.8,0,148,129
0,0,1,4,0,2,0,32.2,1.2,0,89,76
0,0,1,2,0,2,0,29.0,2.0,0,89,83
0,0,1,3,0,2,0,32.0,4.9,0,155,109
0,0,1,1,0,2,0,31.3,6.6,0,179,133
2,1,1,3,0,2,0,30.3,11.5,0,81,69
2,1,1,1,0,2,0,30.1,11.3,0,103,107
2,1,1,2,0,2,0,30.0,0.6,0,140,141
2,1,1,4,0,2,0,32.6,2.0,0,112,116
2,1,1,0,0,2,0,27.4,1.3,0,91,79
3,1,1,3,0,2,0,26.1,0.4,0,114,107
3,1,1,1,0,2,0,30.6,1.9,0,153,130
3,1,1,2,0,2,0,31.7,1.3,0,147,154
3,1,1,4,0,2,0,28.4,11.0,0,199,211
3,1,1,0,0,2,0,31.6,1.3,0,89,86
1,0,1,0,0,2,0,29.5,2.0,0,92,85
1,0,1,2,0,2,0,29.9,1.1,0,134,119
1,0,1,4,0,2,0,31.3,0.4,0,96,80
1,0,1,3,0,2,0,30.0,3.4,0,178,143
1,0,1,1,0,2,0,28.6,6.0,0,103,94
5,0,1,3,0,2,0,28.7,0.0,0,184,168
5,0,1,1,0,2,0,28.5,12.6,0,174,163
5,0,1,2,0,2,0,30.0,4.0,0,196,142
5,0,1,4,0,2,0,30.2,3.2,0,164,146
5,0,1,0,0,2,0,31.5,6.2,0,188,175
6,0,1,0,0,2,0,27.0,2.9,0,117,111
6,0,1,2,0,2,0,31.3,3.9,0,181,131
6,0,1,4,0,2,0,30.9,0.3,0,129,119
6,0,1,3,0,2,0,32.8,22.0,1,84,63
6,0,1,1,0,2,0,29.8,4.9,0,190,140
4,0,1,3,0,2,0,28.6,1.9,0,195,148
4,0,1,1,0,2,0,32.4,3.6,0,115,91
4,0,1,2,0,2,0,26.6,6.0,0,133,117
4,0,1,4,0,2,0,27.7,1.6,0,146,111
4,0,1,0,0,2,0,28.8,3.4,0,99,72
0,0,1,4,0,2,0,32.8,0.2,0,100,71
0,0,1,3,0,2,0,26.8,4.2,0,80,70
0,0,1,1,0,2,0,27.7,2.0,0,192,138
0,0,1,2,0,2,0,29.7,2.3,0,137,96
0,0,1,0,0,2,0,32.5,10.1,0,115,96
2,1,1,0,0,2,0,27.9,0.8,0,169,162
2,1,1,2,0,2,0,32.3,0.2,0,91,103
2,1,1,4,0,2,0,26.4,2.0,0,103,106
2,1,1,3,0,2,0,32.8,3.0,0,184,167
2,1,1,1,0,2,0,28.1,21.9,1,133,115
3,1,1,3,0,2,0,27.6,1.2,0,180,204
3,1,1,1,0,2,0,32.9,4.8,0,96,89
3,1,1,2,0,2,0,28.9,3.7,0,191,170
3,1,1,4,0,2,0,32.4,6.9,0,161,155
3,1,1,0,0,2,0,30.1,10.1,0,89,100
1,0,1,0,0,2,0,27.9,0.2,0,85,74
1,0,1,3,0,2,0,32.1,0.2,0,198,159
1,0,1,1,0,2,0,31.4,2.6,0,190,140
1,0,1,2,0,2,0,30.2,1.9,0,165,150
1,0,1,4,0,2,0,30.0,0.3,0,184,148
5,0,1,0,0,2,0,26.3,1.3,0,118,102
5,0,1,4,0,2,0,30.2,1.0,0,192,171
5,0,1,1,0,2,0,31.4,11.6,0,153,122
5,0,1,3,0,2,0,29.7,5.5,0,82,69
5,0,1,2,0,2,0,27.7,0.9,0,80,75
6,0,2,0,0,2,0,30.3,15.7,0,129,109
6,0,2,3,0,2,0,29.6,5.9,0,129,118
6,0,2,1,0,2,0,29.9,3.3,0,173,155
6,0,2,2,0,2,0,30.1,2.6,0,102,91
6,0,2,4,0,2,0,30.3,4.9,0,130,120
4,0,2,2,0,2,0,30.4,7.9,0,84,76
4,0,2,4,0,2,0,29.2,7.4,0,96,73
4,0,2,3,0,2,0,28.7,2.3,0,142,125
4,0,2,1,0,2,0,29.8,2.4,0,158,126
4,0,2,0,0,2,0,29.2,15.7,0,132,104
0,0,2,0,0,2,0,30.2,1.0,0,100,74
0,0,2,2,0,2,0,30.9,0.8,0,83,65
0,0,2,4,0,2,0,32.3,2.6,0,172,162
0,0,2,1,0,2,0,26.9,0.5,0,174,139
0,0,2,3,0,2,0,27.5,3.5,0,154,111
2,1,2,3,0,2,0,28.0,0.8,0,100,100
2,1,2,1,0,2,0,29.7,1.8,0,125,119
2,1,2,2,0,2,0,29.5,4.7,0,152,132
2,1,2,4,0,2,0,29.4,4.7,0,135,149
2,1,2,0,0,2,0,32.4,0.3,0,105,116
3,1,2,3,0,2,0,26.6,3.6,0,131,118
3,1,2,1,0,2,0,28.6,2.7,0,169,180
3,1,2,2,0,2,0,29.7,5.1,0,105,89
3,1,2,4,0,2,0,27.8,5.0,0,190,208
3,1,2,0,0,2,0,31.2,0.1,0,97,94
1,0,2,0,0,2,0,26.6,3.1,0,113,95
1,0,2,4,0,2,0,29.3,1.8,0,184,152
1,0,2,2,0,2,0,28.3,0.5,0,96,75
1,0,2,1,0,2,0,27.3,3.3,0,96,72
1,0,2,3,0,2,0,29.7,1.1,0,168,149
5,0,2,3,0,2,0,30.1,3.3,0,121,93
5,0,2,1,0,2,0,28.5,4.2,0,177,135
5,0,2,2,0,2,0,29.5,1.6,0,112,79
5,0,2,4,0,2,0,27.6,1.8,0,191,141
5,0,2,0,0,2,0,27.3,1.3,0,174,124
6,0,2,3,0,2,0,31.9,0.2,0,110,88
6,0,2,1,0,2,0,32.9,0.5,0,145,122
6,0,2,2,0,2,0,32.4,0.0,0,197,151
6,0,2,4,0,2,0,27.2,4.4,0,136,120
6,0,2,0,0,2,0,29.7,2.6,0,124,111
4,0,2,0,0,2,0,26.9,0.3,0,123,92
4,0,2,4,0,2,0,28.2,3.6,0,85,67
4,0,2,1,0,2,0,31.2,3.0,0,80,68
4,0,2,3,0,2,0,27.3,1.6,0,98,73
4,0,2,2,0,2,0,28.0,3.5,0,90,84
0,0,2,3,0,2,0,30.8,0.4,0,142,124
0,0,2,1,0,2,0,31.3,3.6,0,103,88
0,0,2,2,0,2,0,31.6,0.5,0,148,134
0,0,2,4,0,2,0,32.8,0.5,0,199,189
0,0,2,0,0,2,0,27.4,1.9,0,80,71
2,1,2,4,0,2,0,28.2,3.5,0,97,105
2,1,2,2,0,2,0,31.7,4.4,0,105,117
2,1,2,0,0,2,0,29.1,1.9,0,130,134
2,1,2,3,0,2,0,30.0,7.4,0,151,164
2,1,2,1,0,2,0,31.3,6.4,0,114,101
3,1,2,3,0,2,0,29.8,2.3,0,176,160
3,1,2,1,0,2,0,32.3,1.9,0,157,135
3,1,2,2,0,2,0,27.6,3.1,0,149,167
3,1,2,4,0,2,0,30.4,1.6,0,143,127
3,1,2,0,0,2,0,32.2,2.7,0,173,192
1,0,2,0,0,2,0,28.8,6.4,0,84,69
1,0,2,3,0,2,0,31.5,0.7,0,176,154
1,0,2,1,0,2,0,31.5,0.6,0,147,124
1,0,2,2,0,2,0,31.3,8.4,0,176,128
1,0,2,4,0,2,0,29.8,1.9,0,188,138
5,0,2,2,0,2,1,31.8,12.8,0,183,155
5,0,2,4,0,2,1,28.8,2.5,0,125,107
5,0,2,3,0,2,1,28.9,5.9,0,106,91
5,0,2,1,0,2,1,30.9,3.1,0,122,104
5,0,2,0,0,2,1,32.4,0.6,0,161,137
6,0,2,0,0,2,1,26.9,1.1,0,169,154
6,0,2,2,0,2,1,27.1,3.4,0,88,71
6,0,2,4,0,2,1,31.2,10.9,0,165,153
6,0,2,1,0,2,1,32.4,6.2,0,116,102
6,0,2,3,0,2,1,26.1,8.2,0,155,112
4,0,2,3,0,2,0,26.9,10.1,0,142,110
4,0,2,1,0,2,0,27.6,3.7,0,126,90
4,0,2,2,0,2,0,28.3,6.5,0,196,167
4,0,2,4,0,2,0,26.8,2.1,0,169,157
4,0,2,0,0,2,0,28.4,1.7,0,113,105
0,0,2,3,0,2,0,30.1,0.1,0,130,99
0,0,2,1,0,2,0,30.0,0.7,0,196,182
0,0,2,2,0,2,0,28.5,3.5,0,101,76
0,0,2,4,0,2,0,27.5,2.9,0,160,150
0,0,2,0,0,2,0,27.0,2.1,0,171,143
2,1,2,0,0,2,0,29.7,3.1,0,192,184
2,1,2,4,0,2,0,30.0,0.3,0,157,166
2,1,2,2,0,2,0,29.3,3.9,0,172,169
2,1,2,1,0,2,0,31.2,0.9,0,162,153
2,1,2,3,0,2,0,27.3,1.4,0,175,151
3,1,2,3,0,2,0,29.9,0.7,0,80,75
3,1,2,1,0,2,0,26.5,5.6,0,89,82
3,1,2,2,0,2,0,30.5,2.1,0,166,188
3,1,2,4,0,2,0,31.9,8.1,0,87,74
3,1,2,0,0,2,0,27.6,1.1,0,138,137
1,0,2,3,0,2,0,30.2,1.7,0,180,134
1,0,2,1,0,2,0,30.6,1.1,0,113,102
1,0,2,2,0,2,0,32.9,3.7,0,125,113
1,0,2,4,0,2,0,28.8,4.4,0,164,131
1,0,2,0,0,2,0,28.3,0.4,0,153,110
5,0,2,0,0,2,0,28.5,7.9,0,178,167
5,0,2,4,0,2,0,27.9,3.9,0,117,105
5,0,2,2,0,2,0,28.4,7.0,0,146,124
5,0,2,1,0,2,0,28.9,8.9,0,126,108
5,0,2,3,0,2,0,27.5,0.1,0,98,83
6,0,2,3,0,2,0,31.3,0.6,0,153,129
6,0,2,1,0,2,0,32.9,2.5,0,175,141
6,0,2,2,0,2,0,26.2,1.3,0,119,104
6,0,2,4,0,2,0,28.8,1.0,0,101,92
6,0,2,0,0,2,0,32.9,3.0,0,188,164
4,0,2,3,0,2,0,30.8,6.9,0,164,148
4,0,2,1,0,2,0,29.5,0.3,0,116,100
4,0,2,2,0,2,0,31.8,0.9,0,185,136
4,0,2,4,0,2,0,27.8,1.2,0,170,144
4,0,2,0,0,2,0,30.2,4.4,0,150,126
0,0,2,0,0,2,0,30.3,11.9,0,134,116
0,0,2,4,0,2,0,28.0,1.8,0,192,169
0,0,2,2,0,2,0,26.6,5.9,0,108,86
0,0,2,1,0,2,0,26.3,0.7,0,186,139
0,0,2,3,0,2,0,31.9,2.1,0,141,117
2,1,2,3,0,2,0,32.6,5.3,0,112,103
2,1,2,1,0,2,0,29.8,0.7,0,195,167
2,1,2,2,0,2,0,29.5,3.6,0,177,182
2,1,2,4,0,2,0,29.3,1.7,0,119,126
2,1,2,0,0,2,0,29.5,4.7,0,121,118
3,1,2,3,0,2,0,26.5,0.3,0,187,196
3,1,2,1,0,2,0,27.9,3.6,0,98,92
3,1,2,2,0,2,0,31.7,13.1,0,96,108
3,1,2,4,0,2,0,29.1,0.8,0,141,159
3,1,2,0,0,2,0,31.3,4.1,0,160,166
1,0,2,0,0,2,0,30.9,1.4,0,127,93
1,0,2,4,0,2,0,29.9,2.6,0,86,61
1,0,2,3,0,2,0,30.8,7.6,0,104,96
1,0,2,1,0,2,0,30.5,4.7,0,184,172
1,0,2,2,0,2,0,26.3,4.9,0,150,142
5,0,2,3,0,2,0,29.0,6.3,0,174,159
5,0,2,1,0,2,0,31.9,1.5,0,185,159
5,0,2,2,0,2,0,30.6,1.8,0,187,137
5,0,2,4,0,2,0,26.5,4.8,0,119,96
5,0,2,0,0,2,0,28.8,3.4,0,199,166
6,0,3,3,0,2,0,31.5,1.5,0,161,134
6,0,3,1,0,2,0,29.0,8.4,0,145,102
6,0,3,2,0,2,0,32.1,0.1,0,198,148
6,0,3,4,0,2,0,28.7,10.8,0,118,83
6,0,3,0,0,2,0,26.4,0.4,0,141,116
4,0,3,0,0,2,0,26.1,17.6,0,152,111
4,0,3,4,0,2,0,32.0,5.0,0,116,82
4,0,3,2,0,2,0,27.7,0.5,0,93,72
4,0,3,3,0,2,0,30.4,8.3,0,190,152
4,0,3,1,0,2,0,26.6,1.6,0,163,144
0,0,3,3,0,2,0,28.7,0.5,0,138,129
0,0,3,1,0,2,0,31.5,0.4,0,149,141
0,0,3,2,0,2,0,32.2,3.7,0,141,120
0,0,3,4,0,2,0,27.2,18.9,0,138,110
0,0,3,0,0,2,0,31.9,1.0,0,194,161
2,1,3,3,0,2,0,27.6,0.8,0,169,144
2,1,3,1,0,2,0,32.7,7.0,0,84,72
2,1,3,2,0,2,0,32.8,8.6,0,178,181
2,1,3,4,0,2,0,29.7,1.2,0,114,122
2,1,3,0,0,2,0,30.9,0.7,0,111,109
3,1,3,0,0,2,0,31.1,1.3,0,158,133
3,1,3,4,0,2,0,32.0,6.6,0,119,133
3,1,3,3,0,2,0,30.4,5.5,0,168,171
3,1,3,1,0,2,0,30.1,0.4,0,184,176
3,1,3,2,0,2,0,27.9,2.6,0,146,164
1,0,3,3,0,2,0,30.9,0.2,0,97,70
1,0,3,1,0,2,0,27.5,4.6,0,148,140
1,0,3,2,0,2,0,26.4,8.6,0,141,120
1,0,3,4,0,2,0,31.8,1.7,0,177,148
1,0,3,0,0,2,0,32.1,5.3,0,167,150
5,0,3,3,0,2,0,30.6,7.6,0,138,102
5,0,3,1,0,2,0,28.3,1.1,0,132,115
5,0,3,2,0,2,0,30.3,5.6,0,86,79
5,0,3,4,0,2,0,32.7,2.5,0,110,100
5,0,3,0,0,2,0,26.9,1.6,0,109,101
6,0,3,0,0,2,0,26.1,2.3,0,177,139
6,0,3,4,0,2,0,29.8,6.1,0,149,115
6,0,3,3,0,2,0,26.0,3.2,0,156,129
6,0,3,1,0,2,0,26.0,1.4,0,125,98
6,0,3,2,0,2,0,29.9,0.5,0,177,152
4,0,3,3,0,2,0,30.4,10.8,0,172,154
4,0,3,1,0,2,0,27.2,5.9,0,147,114
4,0,3,2,0,2,0,31.0,0.3,0,89,73
4,0,3,4,0,2,0,26.4,0.3,0,161,148
4,0,3,0,0,2,0,32.8,13.9,0,115,99
0,0,3,4,0,2,0,29.0,2.4,0,118,98
0,0,3,0,0,2,0,31.8,1.4,0,111,80
0,0,3,2,0,2,0,26.0,0.7,0,177,168
0,0,3,1,0,2,0,28.3,2.7,0,130,99
0,0,3,3,0,2,0,30.2,1.9,0,108,76
2,1,3,3,0,2,0,30.8,4.3,0,106,117
2,1,3,1,0,2,0,32.7,0.1,0,172,193
2,1,3,2,0,2,0,28.9,4.1,0,85,91
2,1,3,4,0,2,0,29.1,1.5,0,137,152
2,1,3,0,0,2,0,27.6,1.0,0,143,157
3,1,3,3,0,2,0,31.0,3.3,0,187,184
3,1,3,1,0,2,0,32.8,0.8,0,96,83
3,1,3,2,0,2,0,27.1,2.4,0,129,138
3,1,3,4,0,2,0,30.4,0.6,0,132,147
3,1,3,0,0,2,0,32.8,0.8,0,94,93
1,0,3,0,0,2,0,28.7,2.6,0,174,153
1,0,3,4,0,2,0,32.9,0.6,0,100,72
1,0,3,2,0,2,0,30.1,1.3,0,167,135
1,0,3,1,0,2,0,29.9,1.0,0,139,100
1,0,3,3,0,2,0,26.8,0.5,0,187,142
5,0,3,3,0,2,1,30.6,5.7,0,181,168
5,0,3,1,0,2,1,31.1,5.5,0,120,91
5,0,3,2,0,2,1,32.9,0.6,0,159,130
5,0,3,4,0,2,1,27.5,1.7,0,119,84
5,0,3,0,0,2,1,28.3,2.9,0,112,103
6,0,3,3,0,2,1,26.6,7.0,0,105,84
6,0,3,1,0,2,1,26.9,3.4,0,125,109
6,0,3,2,0,2,1,31.8,0.2,0,123,89
6,0,3,4,0,2,1,30.5,4.9,0,85,72
6,0,3,0,0,2,1,30.3,3.8,0,120,105
4,0,3,0,0,2,0,26.4,1.1,0,92,75
4,0,3,4,0,2,0,26.3,0.7,0,93,67
4,0,3,3,0,2,0,32.1,5.0,0,141,126
4,0,3,1,0,2,0,30.3,2.6,0,154,142
4,0,3,2,0,2,0,29.8,6.8,0,105,86
0,0,3,3,0,2,0,30.3,1.6,0,189,148
0,0,3,1,0,2,0,27.3,6.2,0,134,95
0,0,3,2,0,2,0,27.1,0.1,0,162,123
0,0,3,4,0,2,0,33.0,14.7,0,82,59
0,0,3,0,0,2,0,28.8,1.0,0,133,94
2,1,3,4,0,2,0,29.6,3.5,0,196,188
2,1,3,2,0,2,0,28.6,17.6,0,103,103
2,1,3,0,0,2,0,30.2,3.6,0,115,111
2,1,3,3,0,2,0,27.8,2.5,0,173,195
2,1,3,1,0,2,0,28.9,7.5,0,116,109
3,1,3,3,0,2,0,27.9,3.6,0,197,187
3,1,3,1,0,2,0,28.7,2.5,0,100,106
3,1,3,2,0,2,0,26.9,5.0,0,191,195
3,1,3,4,0,2,0,30.4,1.9,0,81,72
3,1,3,0,0,2,0,32.0,2.7,0,141,123
1,0,3,3,0,2,0,28.8,3.6,0,182,144
1,0,3,1,0,2,0,30.2,0.7,0,168,158
1,0,3,2,0,2,0,27.8,4.3,0,144,129
1,0,3,4,0,2,0,26.9,14.0,0,126,96
1,0,3,0,0,2,0,32.2,2.3,0,159,132
5,0,3,4,0,2,0,29.7,6.1,0,199,179
5,0,3,2,0,2,0,27.2,0.1,0,116,92
5,0,3,0,0,2,0,30.1,8.1,0,187,156
5,0,3,3,0,2,0,28.4,7.1,0,80,65
5,0,3,1,0,2,0,30.1,11.9,0,136,101
6,0,3,3,0,2,0,26.2,17.3,0,152,127
6,0,3,1,0,2,0,32.6,0.2,0,198,150
6,0,3,2,0,2,0,27.3,0.4,0,112,93
6,0,3,4,0,2,0,26.3,0.6,0,132,108
6,0,3,0,0,2,0,30.8,0.1,0,168,144
4,0,3,3,0,2,0,32.1,2.4,0,190,158
4,0,3,1,0,2,0,28.4,3.0,0,102,72
4,0,3,2,0,2,0,28.2,4.9,0,185,163
4,0,3,4,0,2,0,27.1,0.8,0,198,172
4,0,3,0,0,2,0,29.1,8.1,0,165,126
0,0,3,0,0,2,0,30.7,3.4,0,141,122
0,0,3,4,0,2,0,30.7,1.0,0,159,144
0,0,3,3,0,2,0,30.6,15.4,0,122,106
0,0,3,1,0,2,0,29.5,3.8,0,87,80
0,0,3,2,0,2,0,31.4,0.5,0,168,147
2,1,3,3,0,2,0,33.0,0.2,0,152,167
2,1,3,1,0,2,0,33.0,5.6,0,196,198
2,1,3,2,0,2,0,31.2,8.4,0,181,170
2,1,3,4,0,2,0,30.7,6.6,0,161,178
2,1,3,0,0,2,0,28.2,8.1,0,80,70
3,1,3,3,0,2,0,29.8,0.0,0,94,97
3,1,3,1,0,2,0,30.3,3.3,0,98,94
3,1,3,2,0,2,0,29.1,1.1,0,192,187
3,1,3,4,0,2,0,26.1,3.5,0,151,157
3,1,3,0,0,2,0,30.3,2.5,0,82,82
1,0,3,4,0,2,0,31.7,5.1,0,122,86
1,0,3,0,0,2,0,27.4,0.0,0,126,90
1,0,3,1,0,2,0,28.4,1.9,0,177,147
1,0,3,3,0,2,0,32.7,7.5,0,107,76
1,0,3,2,0,2,0,27.7,2.6,0,122,109
5,0,3,3,0,2,0,32.7,4.3,0,130,93
5,0,3,1,0,2,0,32.5,1.7,0,113,84
5,0,3,2,0,2,0,30.3,3.0,0,189,147
5,0,3,4,0,2,0,31.6,3.1,0,95,69
5,0,3,0,0,2,0,31.0,2.0,0,156,125
6,0,3,3,0,2,0,26.9,0.8,0,174,159
6,0,3,1,0,2,0,31.6,0.8,0,142,103
6,0,3,2,0,2,0,30.0,1.2,0,115,93
6,0,3,4,0,2,0,26.6,6.8,0,123,87
6,0,3,0,0,2,0,30.4,12.1,0,198,170
4,0,3,0,0,2,0,26.7,3.9,0,176,142
4,0,3,4,0,2,0,31.1,7.6,0,118,102
4,0,3,1,0,2,0,30.3,2.1,0,121,112
4,0,3,3,0,2,0,29.6,3.6,0,105,79
4,0,3,2,0,2,0,28.5,1.1,0,116,90
0,0,3,3,0,2,0,27.1,1.1,0,187,171
0,0,3,1,0,2,0,27.5,0.4,0,127,99
0,0,3,2,0,2,0,27.6,0.9,0,90,68
0,0,3,4,0,2,0,28.7,3.6,0,104,98
0,0,3,0,0,2,0,27.0,4.8,0,146,118
2,1,4,4,0,2,0,32.3,0.9,0,87,83
2,1,4,3,0,2,0,29.1,5.2,0,154,175
2,1,4,1,0,2,0,26.9,0.4,0,169,159
2,1,4,2,0,2,0,32.3,5.9,0,115,100
2,1,4,0,0,2,0,28.4,3.8,0,92,92
3,1,4,0,0,2,0,29.3,0.2,0,123,107
3,1,4,4,0,2,0,28.6,1.8,0,114,121
3,1,4,3,0,2,0,26.5,6.4,0,106,109
3,1,4,1,0,2,0,27.9,3.6,0,146,146
3,1,4,2,0,2,0,28.3,1.6,0,149,127
1,0,4,3,0,2,0,32.7,4.0,0,126,95
1,0,4,1,0,2,0,29.8,0.4,0,134,119
1,0,4,2,0,2,0,28.4,4.4,0,163,133
1,0,4,4,0,2,0,28.7,0.5,0,194,143
1,0,4,0,0,2,0,32.9,10.5,0,187,142
5,0,4,4,0,2,0,27.8,1.8,0,164,129
5,0,4,2,0,2,0,27.1,0.3,0,115,89
5,0,4,0,0,2,0,27.7,2.9,0,146,117
5,0,4,3,0,2,0,30.7,0.4,0,101,73
5,0,4,1,0,2,0,31.3,0.5,0,95,79
6,0,4,3,0,2,0,29.1,3.7,0,134,99
6,0,4,1,0,2,0,31.5,3.4,0,139,127
6,0,4,2,0,2,0,27.5,10.7,0,121,101
6,0,4,4,0,2,0,30.4,4.5,0,185,170
6,0,4,0,0,2,0,31.6,6.2,0,131,119
4,0,4,3,0,2,0,28.3,0.1,0,170,149
4,0,4,1,0,2,0,28.4,14.9,0,89,81
4,0,4,2,0,2,0,26.9,7.9,0,115,98
4,0,4,4,0,2,0,27.0,9.1,0,189,141
4,0,4,0,0,2,0,29.5,2.0,0,104,90
0,0,4,4,0,2,0,26.7,4.1,0,172,121
0,0,4,2,0,2,0,30.2,11.0,0,99,80
0,0,4,0,0,2,0,30.2,1.8,0,110,79
0,0,4,3,0,2,0,26.9,2.6,0,147,108
0,0,4,1,0,2,0,32.7,3.2,0,111,81
2,1,4,3,0,2,0,31.5,2.5,0,81,80
2,1,4,1,0,2,0,31.3,3.9,0,158,179
2,1,4,2,0,2,0,27.7,0.6,0,152,163
2,1,4,4,0,2,0,27.9,0.8,0,95,82
2,1,4,0,0,2,0,29.6,22.9,1,96,74
3,1,4,3,0,2,0,27.5,0.8,0,115,115
3,1,4,1,0,2,0,29.0,0.6,0,195,187
3,1,4,2,0,2,0,30.6,1.7,0,106,102
3,1,4,4,0,2,0,31.8,5.3,0,165,186
3,1,4,0,0,2,0,27.7,0.6,0,100,85
1,0,4,0,0,2,0,31.9,0.4,0,105,77
1,0,4,4,0,2,0,28.6,1.2,0,90,73
1,0,4,2,0,2,0,32.8,6.5,0,124,88
1,0,4,3,0,2,0,27.8,5.7,0,137,102
1,0,4,1,0,2,0,30.3,1.6,0,169,128
5,0,4,3,0,2,0,32.1,1.1,0,161,132
5,0,4,1,0,2,0,28.6,2.0,0,117,93
5,0,4,2,0,2,0,32.7,0.6,0,143,128
5,0,4,4,0,2,0,28.2,4.7,0,139,100
5,0,4,0,0,2,0,28.0,10.7,0,139,124
6,0,4,3,0,2,0,31.8,2.7,0,87,80
6,0,4,1,0,2,0,30.5,3.8,0,139,113
6,0,4,2,0,2,0,32.2,0.4,0,123,102
6,0,4,4,0,2,0,30.8,0.2,0,166,146
6,0,4,0,0,2,0,26.5,0.3,0,103,73
4,0,4,0,1,0,0,29.6,9.2,0,87,116
4,0,4,4,1,0,0,31.4,1.2,0,117,126
4,0,4,2,1,0,0,28.5,2.1,0,84,109
4,0,4,1,1,0,0,28.4,6.0,0,86,116
4,0,4,3,1,0,0,29.6,2.0,0,110,128
0,0,4,3,1,0,1,30.4,1.9,0,129,136
0,0,4,1,1,0,1,27.8,1.2,0,184,238
0,0,4,2,1,0,1,29.7,0.2,0,193,226
0,0,4,4,1,0,1,26.9,2.6,0,81,103
0,0,4,0,1,0,1,30.1,5.5,0,111,142
2,1,4,4,0,2,1,26.9,0.9,0,125,105
2,1,4,2,0,2,1,28.7,0.7,0,195,178
2,1,4,0,0,2,1,32.9,4.5,0,173,190
2,1,4,3,0,2,1,27.1,0.2,0,96,107
2,1,4,1,0,2,1,27.6,1.9,0,138,139
3,1,4,3,0,2,0,31.9,10.0,0,97,100
3,1,4,1,0,2,0,27.5,15.3,0,125,132
3,1,4,2,0,2,0,31.4,4.3,0,154,144
3,1,4,4,0,2,0,31.3,1.3,0,171,146
3,1,4,0,0,2,0,27.2,0.6,0,158,137
1,0,4,3,0,2,0,32.8,2.7,0,102,93
1,0,4,1,0,2,0,31.1,3.1,0,140,124
1,0,4,2,0,2,0,30.3,0.4,0,102,89
1,0,4,4,0,2,0,32.1,4.0,0,180,133
1,0,4,0,0,2,0,29.2,0.0,0,80,71
5,0,4,4,0,2,0,31.5,3.2,0,165,150
5,0,4,2,0,2,0,31.7,3.8,0,145,114
5,0,4,0,0,2,0,31.9,7.2,0,157,118
5,0,4,3,0,2,0,32.2,1.3,0,178,142
5,0,4,1,0,2,0,31.6,0.9,0,89,79
6,0,4,3,0,2,0,32.7,1.8,0,154,137
6,0,4,1,0,2,0,31.9,2.5,0,162,154
6,0,4,2,0,2,0,28.6,2.4,0,99,89
6,0,4,4,0,2,0,27.5,0.6,0,181,145
6,0,4,0,0,2,0,30.9,0.0,0,117,87
4,0,4,3,0,2,0,27.3,2.0,0,96,81
4,0,4,1,0,2,0,29.4,4.1,0,167,121
4,0,4,2,0,2,0,27.6,4.9,0,199,169
4,0,4,4,0,2,0,30.7,6.5,0,110,78
4,0,4,0,0,2,0,28.3,4.0,0,162,116
0,0,4,0,0,2,0,32.5,4.1,0,96,83
0,0,4,4,0,2,0,26.4,6.5,0,126,120
0,0,4,2,0,2,0,28.3,2.3,0,97,77
0,0,4,3,0,2,0,28.3,6.1,0,181,136
0,0,4,1,0,2,0,31.8,2.9,0,124,91
2,1,4,3,0,2,0,29.5,0.8,0,94,91
2,1,4,1,0,2,0,31.9,1.9,0,88,99
2,1,4,2,0,2,0,27.4,3.3,0,89,84
2,1,4,4,0,2,0,26.2,0.1,0,197,182
2,1,4,0,0,2,0,29.6,1.4,0,196,168
3,1,4,3,0,2,0,32.0,1.0,0,148,162
3,1,4,1,0,2,0,27.3,6.5,0,153,172
3,1,4,2,0,2,0,30.9,4.0,0,182,202
3,1,4,4,0,2,0,32.4,6.1,0,179,191
3,1,4,0,0,2,0,27.1,3.8,0,139,133
1,0,4,4,0,2,0,31.3,2.4,0,156,120
1,0,4,2,0,2,0,27.9,6.2,0,89,68
1,0,4,0,0,2,0,27.1,7.7,0,186,133
1,0,4,3,0,2,0,32.5,2.6,0,164,118
1,0,4,1,0,2,0,26.4,1.3,0,171,131
5,0,4,3,0,2,0,32.3,0.6,0,147,114
5,0,4,1,0,2,0,31.4,0.4,0,94,66
5,0,4,2,0,2,0,30.6,13.2,0,94,87
5,0,4,4,0,2,0,28.8,7.0,0,199,152
5,0,4,0,0,2,0,31.1,15.9,0,161,119
6,0,4,4,0,2,0,30.8,3.2,0,103,75
6,0,4,2,0,2,0,27.1,1.0,0,185,134
6,0,4,0,0,2,0,32.0,5.1,0,120,108
6,0,4,3,0,2,0,31.1,0.8,0,128,104
6,0,4,1,0,2,0,32.8,3.8,0,140,102
4,0,4,3,0,2,0,29.8,3.8,0,189,154
4,0,4,1,0,2,0,29.4,0.7,0,81,70
4,0,4,2,0,2,0,27.5,0.4,0,95,76
4,0,4,4,0,2,0,30.6,3.2,0,167,150
4,0,4,0,0,2,0,26.8,1.8,0,178,127
0,0,4,3,0,2,0,31.5,0.9,0,86,79
0,0,4,1,0,2,0,29.8,5.7,0,195,162
0,0,4,2,0,2,0,27.4,8.4,0,165,122
0,0,4,4,0,2,0,27.8,11.7,0,119,113
0,0,4,0,0,2,0,31.4,0.1,0,104,75
2,1,4,4,0,2,0,29.7,1.4,0,171,182
2,1,4,2,0,2,0,26.7,2.3,0,90,81
2,1,4,0,0,2,0,27.9,1.5,0,88,84
2,1,4,3,0,2,0,28.4,1.3,0,121,120
2,1,4,1,0,2,0,26.7,4.3,0,168,161
3,1,4,3,0,2,0,32.4,3.0,0,121,118
3,1,4,1,0,2,0,29.9,0.7,0,159,174
3,1,4,2,0,2,0,32.3,1.3,0,119,118
3,1,4,4,0,2,0,30.2,0.1,0,87,96
3,1,4,0,0,2,0,30.6,0.7,0,83,90
1,0,5,3,0,2,0,32.8,7.8,0,88,79
1,0,5,1,0,2,0,29.5,13.7,0,142,117
1,0,5,2,0,2,0,26.9,5.2,0,113,84
1,0,5,4,0,2,0,32.2,2.2,0,198,145
1,0,5,0,0,2,0,30.8,0.4,0,147,129
5,0,5,0,0,2,0,31.8,1.6,0,169,129
5,0,5,4,0,2,0,30.6,1.5,0,167,138
5,0,5,2,0,2,0,31.0,1.5,0,90,83
5,0,5,3,0,2,0,32.2,0.3,0,84,79
5,0,5,1,0,2,0,28.4,1.4,0,181,151
6,0,5,3,0,2,0,26.8,0.4,0,112,85
6,0,5,1,0,2,0,27.0,1.7,0,126,94
6,0,5,2,0,2,0,30.3,2.3,0,101,89
6,0,5,4,0,2,0,31.6,7.4,0,170,146
6,0,5,0,0,2,0,26.9,4.5,0,145,113
4,0,5,3,0,2,0,26.0,4.6,0,149,136
4,0,5,1,0,2,0,27.6,7.3,0,166,119
4,0,5,2,0,2,0,28.4,8.1,0,126,98
4,0,5,4,0,2,0,27.5,0.1,0,196,157
4,0,5,0,0,2,0,31.3,9.4,0,96,86
0,0,5,4,1,1,0,26.9,2.1,0,157,193
0,0,5,2,1,1,0,29.1,2.5,0,179,214
0,0,5,0,1,1,0,26.1,2.2,0,93,130
0,0,5,3,1,1,0,31.5,4.4,0,161,208
0,0,5,1,1,1,0,32.1,0.0,0,138,151
2,1,5,3,0,2,0,28.0,7.8,0,162,183
2,1,5,1,0,2,0,31.8,4.8,0,107,90
2,1,5,2,0,2,0,32.7,5.2,0,198,198
2,1,5,4,0,2,0,30.4,2.4,0,199,209
2,1,5,0,0,2,0,29.8,0.4,0,109,93
3,1,5,3,0,2,0,30.0,1.3,0,93,95
3,1,5,1,0,2,0,28.1,1.4,0,173,176
3,1,5,2,0,2,0,26.5,8.4,0,81,84
3,1,5,4,0,2,0,30.2,8.9,0,134,134
3,1,5,0,0,2,0,31.9,1.3,0,91,92
1,0,5,0,0,2,0,26.6,9.7,0,125,112
1,0,5,4,0,2,0,32.2,3.4,0,124,108
1,0,5,3,0,2,0,33.0,7.7,0,100,72
1,0,5,1,0,2,0,31.8,3.7,0,112,99
1,0,5,2,0,2,0,29.7,0.1,0,114,103
5,0,5,3,0,2,0,30.2,8.9,0,172,128
5,0,5,1,0,2,0,32.6,2.4,0,108,93
5,0,5,2,0,2,0,30.7,0.6,0,83,66
5,0,5,4,0,2,0,29.4,4.2,0,145,111
5,0,5,0,0,2,0,29.3,16.5,0,151,130
6,0,5,3,0,2,0,26.5,1.2,0,96,68
6,0,5,1,0,2,0,30.2,9.5,0,162,125
6,0,5,2,0,2,0,32.8,1.6,0,192,164
6,0,5,4,0,2,0,29.3,2.4,0,163,123
6,0,5,0,0,2,0,29.6,0.0,0,125,89
4,0,5,4,0,2,0,30.3,0.5,0,130,120
4,0,5,0,0,2,0,30.0,0.1,0,143,125
4,0,5,2,0,2,0,26.3,1.3,0,167,121
4,0,5,3,0,2,0,31.8,7.4,0,176,138
4,0,5,1,0,2,0,31.6,3.4,0,141,113
0,0,5,3,0,2,0,32.9,0.6,0,125,93
0,0,5,1,0,2,0,28.7,5.2,0,151,140
0,0,5,2,0,2,0,31.0,3.7,0,191,148
0,0,5,4,0,2,0,31.0,12.3,0,148,104
0,0,5,0,0,2,0,30.5,0.2,0,188,171
2,1,5,3,0,2,0,26.3,8.2,0,97,85
2,1,5,1,0,2,0,28.7,2.4,0,161,140
2,1,5,2,0,2,0,30.2,3.2,0,192,165
2,1,5,4,0,2,0,26.6,1.8,0,118,114
2,1,5,0,0,2,0,30.5,4.2,0,130,132
3,1,5,0,0,2,1,29.4,3.4,0,169,188
3,1,5,4,0,2,1,31.7,4.7,0,91,84
3,1,5,2,0,2,1,32.3,0.3,0,95,108
3,1,5,3,0,2,1,26.1,4.0,0,197,172
3,1,5,1,0,2,1,27.1,0.8,0,149,131
1,0,5,3,0,2,1,31.7,1.0,0,104,92
1,0,5,1,0,2,1,30.6,7.5,0,133,121
1,0,5,2,0,2,1,28.8,0.3,0,152,118
1,0,5,4,0,2,1,31.5,2.4,0,177,141
1,0,5,0,0,2,1,29.2,3.5,0,120,97
5,0,5,3,0,2,0,28.2,3.5,0,136,96
5,0,5,1,0,2,0,28.8,3.0,0,113,84
5,0,5,2,0,2,0,29.0,0.6,0,135,120
5,0,5,4,0,2,0,32.6,1.7,0,153,132
5,0,5,0,0,2,0,30.5,1.7,0,174,156
6,0,5,4,0,2,0,26.2,2.8,0,154,113
6,0,5,2,0,2,0,26.7,0.7,0,129,106
6,0,5,0,0,2,0,26.7,0.9,0,186,148
6,0,5,3,0,2,0,30.2,0.4,0,143,122
6,0,5,1,0,2,0,28.6,1.0,0,155,130
4,0,5,3,0,2,0,27.1,0.1,0,138,102
4,0,5,1,0,2,0,29.4,0.6,0,116,109
4,0,5,2,0,2,0,28.2,8.8,0,147,139
4,0,5,4,0,2,0,29.8,0.4,0,138,130
4,0,5,0,0,2,0,28.7,1.9,0,191,171
0,0,5,3,0,2,0,32.9,2.6,0,92,77
0,0,5,1,0,2,0,31.3,7.2,0,130,103
0,0,5,2,0,2,0,31.8,4.9,0,192,159
0,0,5,4,0,2,0,30.7,1.1,0,90,76
0,0,5,0,0,2,0,28.4,3.5,0,103,98
2,1,5,0,0,2,0,26.9,3.6,0,177,187
2,1,5,2,0,2,0,31.5,2.5,0,182,174
2,1,5,4,0,2,0,26.3,2.6,0,115,128
2,1,5,3,0,2,0,27.1,6.8,0,179,172
2,1,5,1,0,2,0,33.0,8.5,0,183,172
3,1,5,3,0,2,0,29.7,8.2,0,100,106
3,1,5,1,0,2,0,29.8,0.2,0,135,125
3,1,5,2,0,2,0,32.1,11.5,0,96,108
3,1,5,4,0,2,0,29.6,0.4,0,131,144
3,1,5,0,0,2,0,30.1,1.9,0,181,180
1,0,5,3,0,2,0,29.9,2.3,0,106,88
1,0,5,1,0,2,0,29.4,3.4,0,130,120
1,0,5,2,0,2,0,29.2,2.3,0,126,112
1,0,5,4,0,2,0,30.0,12.5,0,127,121
1,0,5,0,0,2,0,26.4,0.0,0,160,146
5,0,5,0,0,2,0,28.5,6.5,0,103,91
5,0,5,4,0,2,0,32.1,3.0,0,143,111
5,0,5,3,0,2,0,32.3,0.3,0,117,89
5,0,5,1,0,2,0,26.2,14.2,0,140,130
5,0,5,2,0,2,0,26.1,2.6,0,172,122
6,0,5,3,0,2,0,29.7,6.3,0,114,108
6,0,5,1,0,2,0,30.7,7.1,0,150,105
6,0,5,2,0,2,0,26.3,1.7,0,116,103
6,0,5,4,0,2,0,27.0,5.6,0,84,76
6,0,5,0,0,2,0,31.7,8.6,0,114,97
4,0,5,4,0,2,0,26.0,0.4,0,181,140
4,0,5,2,0,2,0,26.8,6.6,0,124,108
4,0,5,0,0,2,0,26.5,2.8,0,185,141
4,0,5,3,0,2,0,26.6,2.7,0,125,96
4,0,5,1,0,2,0,30.8,0.1,0,154,121
0,0,5,3,0,2,0,29.3,0.6,0,169,135
0,0,5,1,0,2,0,28.1,1.1,0,118,94
0,0,5,2,0,2,0,28.0,0.7,0,134,124
0,0,5,4,0,2,0,28.3,2.6,0,144,121
0,0,5,0,0,2,0,27.5,0.1,0,98,77
2,1,5,3,0,2,0,30.5,0.5,0,160,169
2,1,5,1,0,2,0,32.1,2.4,0,179,184
2,1,5,2,0,2,0,26.5,4.6,0,93,91
2,1,5,4,0,2,0,27.6,1.4,0,158,159
2,1,5,0,0,2,0,29.6,0.6,0,166,175
3,1,5,4,0,2,0,27.9,4.9,0,166,168
3,1,5,2,0,2,0,26.7,0.8,0,172,147
3,1,5,0,0,2,0,29.3,1.7,0,123,131
3,1,5,3,0,2,0,28.8,0.7,0,113,99
3,1,5,1,0,2,0,30.4,0.2,0,155,149
1,0,5,0,0,2,0,29.5,2.0,0,170,155
1,0,5,4,0,2,0,32.6,4.5,0,96,84
1,0,5,3,0,2,0,28.2,0.4,0,144,105
1,0,5,1,0,2,0,30.0,8.1,0,147,132
1,0,5,2,0,2,0,32.2,2.3,0,128,102
5,0,5,3,0,2,0,30.7,0.6,0,164,144
5,0,5,1,0,2,0,30.7,13.5,0,187,137
5,0,5,2,0,2,0,30.7,11.5,0,152,110
5,0,5,4,0,2,0,31.5,4.1,0,121,88
5,0,5,0,0,2,0,29.5,1.9,0,120,98
6,0,5,4,0,2,0,29.3,8.5,0,176,158
6,0,5,2,0,2,0,28.9,5.1,0,88,76
6,0,5,0,0,2,0,31.3,0.1,0,88,65
6,0,5,3,0,2,0,26.8,4.0,0,178,141
6,0,5,1,0,2,0,26.4,5.8,0,161,135
4,0,6,3,0,2,0,30.6,5.4,0,107,101
4,0,6,1,0,2,0,26.4,4.6,0,133,100
4,0,6,2,0,2,0,32.2,1.4,0,178,154
4,0,6,4,0,2,0,31.8,6.1,0,132,101
4,0,6,0,0,2,0,31.8,0.1,0,116,108
0,0,6,0,0,2,0,27.9,1.0,0,171,161
0,0,6,3,0,2,0,31.9,4.9,0,93,75
0,0,6,1,0,2,0,29.5,2.1,0,96,89
0,0,6,2,0,2,0,27.9,5.2,0,104,98
0,0,6,4,0,2,0,29.6,4.5,0,163,133
2,1,6,4,0,2,0,30.5,3.4,0,159,148
2,1,6,0,0,2,0,30.5,14.6,0,190,198
2,1,6,2,0,2,0,28.1,5.9,0,137,124
2,1,6,3,0,2,0,26.9,0.1,0,138,132
2,1,6,1,0,2,0,28.6,0.8,0,86,73
3,1,6,3,0,2,0,29.8,7.1,0,166,178
3,1,6,1,0,2,0,29.2,2.0,0,83,92
3,1,6,2,0,2,0,31.0,11.1,0,177,174
3,1,6,4,0,2,0,31.2,2.6,0,169,171
3,1,6,0,0,2,0,32.9,1.1,0,135,154
1,0,6,3,0,2,0,29.8,13.2,0,107,96
1,0,6,1,0,2,0,27.4,5.2,0,150,110
1,0,6,2,0,2,0,30.4,6.1,0,124,95
1,0,6,4,0,2,0,32.9,3.0,0,147,117
1,0,6,0,0,2,0,30.7,1.2,0,128,120
5,0,6,0,0,2,0,32.6,13.1,0,85,65
5,0,6,4,0,2,0,32.7,3.0,0,94,74
5,0,6,1,0,2,0,31.0,0.3,0,192,179
5,0,6,3,0,2,0,28.4,5.2,0,136,125
5,0,6,2,0,2,0,29.5,1.0,0,199,146
6,0,6,3,0,2,0,31.6,2.5,0,153,114
6,0,6,1,0,2,0,29.2,3.3,0,85,69
6,0,6,2,0,2,0,27.5,0.2,0,112,82
6,0,6,4,0,2,0,33.0,3.0,0,174,132
6,0,6,0,0,2,0,32.7,0.9,0,178,147
4,0,6,3,0,2,0,28.8,12.2,0,141,119
4,0,6,1,0,2,0,27.8,2.3,0,98,73
4,0,6,2,0,2,0,27.5,0.1,0,85,64
4,0,6,4,0,2,0,31.5,9.5,0,177,155
4,0,6,0,0,2,0,28.8,12.2,0,113,100
0,0,6,0,0,2,0,27.6,4.0,0,167,151
0,0,6,4,0,2,0,31.8,6.1,0,171,159
0,0,6,2,0,2,0,30.0,5.9,0,165,140
0,0,6,3,0,2,0,27.1,2.6,0,175,136
0,0,6,1,0,2,0,27.6,2.5,0,160,119
2,1,6,3,0,2,0,27.2,2.9,0,127,110
2,1,6,1,0,2,0,29.0,0.1,0,146,162
2,1,6,2,0,2,0,26.0,9.3,0,133,128
2,1,6,4,0,2,0,32.4,20.0,0,111,110
2,1,6,0,0,2,0,29.4,4.0,0,99,106
3,1,6,4,0,2,0,32.1,14.7,0,166,165
3,1,6,2,0,2,0,28.5,4.3,0,193,214
3,1,6,0,0,2,0,27.5,0.2,0,144,129
3,1,6,3,0,2,0,32.4,12.1,0,170,157
3,1,6,1,0,2,0,30.4,19.5,0,172,174
1,0,6,3,0,2,0,32.1,1.3,0,172,139
1,0,6,1,0,2,0,31.0,3.3,0,100,83
1,0,6,2,0,2,0,31.3,1.3,0,139,112
1,0,6,4,0,2,0,32.3,7.5,0,84,68
1,0,6,0,0,2,0,31.5,2.6,0,94,79
5,0,6,3,0,2,0,27.4,1.2,0,191,150
5,0,6,1,0,2,0,32.0,0.9,0,170,122
5,0,6,2,0,2,0,32.6,2.8,0,146,106
5,0,6,4,0,2,0,31.8,0.2,0,115,100
5,0,6,0,0,2,0,31.4,4.3,0,146,121
6,0,6,4,0,2,1,32.8,1.0,0,117,82
6,0,6,2,0,2,1,30.1,0.3,0,149,106
6,0,6,0,0,2,1,29.1,8.6,0,165,146
6,0,6,3,0,2,1,29.2,0.2,0,195,157
6,0,6,1,0,2,1,26.3,0.5,0,141,117
4,0,6,3,0,2,1,32.8,1.0,0,115,102
4,0,6,1,0,2,1,31.9,2.2,0,129,119
4,0,6,2,0,2,1,31.7,1.2,0,130,97
4,0,6,4,0,2,1,28.6,9.3,0,197,158
4,0,6,0,0,2,1,27.5,5.8,0,133,113
0,0,6,3,0,2,0,30.6,0.3,0,110,98
0,0,6,1,0,2,0,26.1,1.3,0,88,68
0,0,6,2,0,2,0,30.4,2.6,0,96,82
0,0,6,4,0,2,0,28.1,5.0,0,100,84
0,0,6,0,0,2,0,31.5,4.9,0,130,103
2,1,6,0,0,2,0,32.8,7.8,0,142,152
2,1,6,4,0,2,0,26.4,0.6,0,149,140
2,1,6,2,0,2,0,31.1,7.9,0,160,136
2,1,6,3,0,2,0,32.5,7.0,0,183,164
2,1,6,1,0,2,0,26.7,6.5,0,190,199
3,1,6,3,0,2,0,30.7,2.3,0,143,141
3,1,6,1,0,2,0,28.7,0.7,0,111,106
3,1,6,2,0,2,0,32.3,0.1,0,122,133
3,1,6,4,0,2,0,26.1,4.9,0,93,102
3,1,6,0,0,2,0,26.7,3.3,0,108,117
1,0,6,3,0,2,0,29.8,13.6,0,162,131
1,0,6,1,0,2,0,28.2,2.6,0,183,136
1,0,6,2,0,2,0,31.6,3.2,0,155,117
1,0,6,4,0,2,0,32.2,6.6,0,174,135
1,0,6,0,0,2,0,28.0,8.2,0,194,160
5,0,6,4,0,2,0,28.1,1.7,0,96,90
5,0,6,2,0,2,0,27.1,0.8,0,91,70
5,0,6,0,0,2,0,29.0,8.4,0,148,106
5,0,6,3,0,2,0,26.5,1.5,0,198,167
5,0,6,1,0,2,0,31.8,9.5,0,161,123
6,0,6,3,0,2,0,31.5,1.3,0,191,150
6,0,6,1,0,2,0,30.7,0.3,0,173,137
6,0,6,2,0,2,0,32.6,4.1,0,133,117
6,0,6,4,0,2,0,26.8,6.1,0,133,113
6,0,6,0,0,2,0,32.9,1.6,0,142,115
4,0,6,3,0,2,0,32.9,0.3,0,108,102
4,0,6,1,0,2,0,26.7,3.2,0,107,86
4,0,6,2,0,2,0,31.2,4.9,0,120,90
4,0,6,4,0,2,0,29.6,0.3,0,82,62
4,0,6,0,0,2,0,29.4,1.3,0,103,89
0,0,6,0,0,2,0,30.7,4.9,0,127,107
0,0,6,4,0,2,0,30.5,4.9,0,85,65
0,0,6,3,0,2,0,32.8,3.7,0,118,88
0,0,6,1,0,2,0,32.5,0.3,0,120,87
0,0,6,2,0,2,0,30.2,3.9,0,190,159
2,1,6,3,0,2,0,29.7,1.1,0,81,89
2,1,6,1,0,2,0,32.6,0.4,0,89,91
2,1,6,2,0,2,0,27.5,11.2,0,100,90
2,1,6,4,0,2,0,30.1,4.8,0,104,89
2,1,6,0,0,2,0,30.4,1.9,0,86,79
3,1,6,3,0,2,0,29.2,12.6,0,115,122
3,1,6,1,0,2,0,30.3,5.4,0,85,96
3,1,6,2,0,2,0,26.7,0.0,0,133,125
3,1,6,4,0,2,0,32.2,0.4,0,104,101
3,1,6,0,0,2,0,27.8,2.3,0,152,148
1,0,6,4,0,2,0,27.7,1.0,0,148,106
1,0,6,0,0,2,0,32.4,1.8,0,129,114
1,0,6,2,0,2,0,31.7,0.2,0,131,92
1,0,6,3,0,2,0,33.0,1.0,0,122,105
1,0,6,1,0,2,0,27.7,5.0,0,119,103
5,0,6,3,0,2,0,30.2,4.5,0,161,128
5,0,6,1,0,2,0,28.3,8.7,0,98,81
5,0,6,2,0,2,0,28.0,6.2,0,82,70
5,0,6,4,0,2,0,31.2,5.4,0,189,146
5,0,6,0,0,2,0,31.4,2.2,0,85,76
6,0,6,3,0,2,0,28.3,8.0,0,176,163
6,0,6,1,0,2,0,30.7,6.2,0,164,132
6,0,6,2,0,2,0,32.1,4.1,0,181,146
6,0,6,4,0,2,0,29.1,4.2,0,116,104
6,0,6,0,0,2,0,28.9,2.8,0,90,76
4,0,6,0,0,2,0,30.6,8.5,0,188,170
4,0,6,4,0,2,0,26.8,2.9,0,192,143
4,0,6,2,0,2,0,31.0,0.0,0,80,74
4,0,6,3,0,2,0,27.4,3.6,0,86,61
4,0,6,1,0,2,0,29.4,10.5,0,158,122
0,0,6,3,0,2,0,29.1,6.6,0,80,62
0,0,6,1,0,2,0,27.7,2.9,0,102,78
0,0,6,2,0,2,0,31.2,0.3,0,167,150
0,0,6,4,0,2,0,28.2,9.8,0,175,157
0,0,6,0,0,2,0,30.4,1.9,0,137,128
2,1,7,3,0,2,0,32.1,0.4,0,88,76
2,1,7,1,0,2,0,31.8,1.7,0,120,132
2,1,7,2,0,2,0,30.7,7.3,0,166,162
2,1,7,4,0,2,0,28.9,0.1,0,152,135
2,1,7,0,0,2,0,30.7,0.8,0,125,119
3,1,7,0,0,2,0,27.6,2.9,0,107,100
3,1,7,2,0,2,0,29.8,1.7,0,186,197
3,1,7,4,0,2,0,32.2,0.5,0,190,166
3,1,7,1,0,2,0,31.0,5.3,0,97,90
3,1,7,3,0,2,0,29.4,2.2,0,198,166
1,0,7,3,0,2,0,27.2,1.1,0,98,77
1,0,7,1,0,2,0,31.2,3.4,0,186,156
1,0,7,2,0,2,0,28.9,2.2,0,98,85
1,0,7,4,0,2,0,28.9,5.6,0,108,89
1,0,7,0,0,2,0,28.9,8.2,0,113,80
5,0,7,3,0,2,0,32.6,4.8,0,196,143
5,0,7,1,0,2,0,28.4,0.6,0,105,87
5,0,7,2,0,2,0,26.8,5.8,0,146,110
5,0,7,4,0,2,0,29.6,2.2,0,192,164
5,0,7,0,0,2,0,32.0,4.5,0,82,69
6,0,7,0,0,2,0,28.8,2.6,0,90,65
6,0,7,4,0,2,0,31.5,2.4,0,162,147
6,0,7,2,0,2,0,32.1,0.9,0,187,146
6,0,7,1,0,2,0,31.1,3.1,0,144,118
6,0,7,3,0,2,0,30.4,4.7,0,95,67
4,0,7,3,0,2,0,28.7,6.5,0,130,100
4,0,7,1,0,2,0,27.5,0.2,0,85,68
4,0,7,2,0,2,0,29.8,13.8,0,171,143
4,0,7,4,0,2,0,32.9,2.4,0,156,141
4,0,7,0,0,2,0,29.0,23.5,1,185,123
0,0,7,3,0,2,0,27.5,1.7,0,143,122
0,0,7,1,0,2,0,30.9,1.9,0,139,122
0,0,7,2,0,2,0,30.6,4.9,0,170,135
0,0,7,4,0,2,0,31.8,7.4,0,88,62
0,0,7,0,0,2,0,31.6,5.9,0,158,113
2,1,7,0,0,2,0,27.1,1.2,0,174,177
2,1,7,4,0,2,0,27.2,0.9,0,171,164
2,1,7,3,0,2,0,30.1,2.2,0,137,147
2,1,7,1,0,2,0,31.3,6.5,0,137,146
2,1,7,2,0,2,0,26.1,0.9,0,123,131
3,1,7,3,0,2,0,30.6,8.8,0,180,180
3,1,7,1,0,2,0,31.3,1.5,0,140,148
3,1,7,2,0,2,0,27.9,0.9,0,138,124
3,1,7,4,0,2,0,30.2,7.9,0,173,192
3,1,7,0,0,2,0,29.5,0.8,0,160,162
1,0,7,3,0,2,0,26.9,2.3,0,102,88
1,0,7,1,0,2,0,31.6,1.3,0,117,97
1,0,7,2,0,2,0,30.5,5.5,0,140,109
1,0,7,4,0,2,0,27.9,0.8,0,189,143
1,0,7,0,0,2,0,30.2,1.2,0,182,163
5,0,7,0,0,2,0,32.0,6.1,0,168,155
5,0,7,4,0,2,0,32.2,1.1,0,84,72
5,0,7,3,0,2,0,31.8,2.5,0,198,148
5,0,7,1,0,2,0,26.6,4.8,0,155,114
5,0,7,2,0,2,0,27.5,2.5,0,101,72
6,0,7,3,0,2,0,32.2,1.6,0,108,87
6,0,7,1,0,2,0,30.7,0.4,0,87,66
6,0,7,2,0,2,0,30.0,0.3,0,127,115
6,0,7,4,0,2,0,32.3,10.8,0,170,153
6,0,7,0,0,2,0,32.0,24.2,1,114,82
4,0,7,4,0,2,0,31.4,3.9,0,175,136
4,0,7,0,0,2,0,26.9,2.9,0,137,115
4,0,7,2,0,2,0,26.6,1.5,0,165,116
4,0,7,1,0,2,0,28.5,6.1,0,154,108
4,0,7,3,0,2,0,28.1,1.5,0,114,80
0,0,7,3,0,2,1,30.4,8.0,0,89,71
0,0,7,1,0,2,1,26.5,4.1,0,98,79
0,0,7,2,0,2,1,31.0,2.0,0,99,83
0,0,7,4,0,2,1,32.1,1.9,0,177,139
0,0,7,0,0,2,1,29.7,1.0,0,130,105
2,1,7,3,0,2,1,29.5,7.9,0,121,128
2,1,7,1,0,2,1,30.2,0.2,0,90,98
2,1,7,2,0,2,1,28.5,8.0,0,199,223
2,1,7,4,0,2,1,27.2,2.8,0,120,124
2,1,7,0,0,2,1,32.8,0.3,0,101,90
3,1,7,0,0,2,0,32.7,3.1,0,135,152
3,1,7,4,0,2,0,27.2,2.4,0,119,129
3,1,7,3,0,2,0,30.5,3.7,0,94,85
3,1,7,1,0,2,0,26.3,3.5,0,160,175
3,1,7,2,0,2,0,27.2,0.1,0,191,162
1,0,7,3,0,2,0,32.2,3.5,0,128,98
1,0,7,1,0,2,0,32.4,3.5,0,151,109
1,0,7,2,0,2,0,30.2,4.9,0,108,87
1,0,7,4,0,2,0,26.6,3.7,0,195,149
1,0,7,0,0,2,0,30.8,3.6,0,159,146
5,0,7,4,0,2,0,32.6,6.0,0,189,148
5,0,7,2,0,2,0,32.3,3.9,0,198,169
5,0,7,0,0,2,0,26.5,14.8,0,128,111
5,0,7,3,0,2,0,32.2,0.9,0,132,119
5,0,7,1,0,2,0,32.2,0.5,0,130,92
6,0,7,3,0,2,0,32.2,1.5,0,189,151
6,0,7,1,0,2,0,26.5,0.9,0,113,93
6,0,7,2,0,2,0,26.4,11.4,0,111,82
6,0,7,4,0,2,0,27.0,14.5,0,119,87
6,0,7,0,0,2,0,26.1,0.7,0,90,70
4,0,7,3,0,2,0,28.1,1.1,0,139,126
4,0,7,1,0,2,0,28.6,1.7,0,92,66
4,0,7,2,0,2,0,27.5,6.6,0,174,156
4,0,7,4,0,2,0,26.5,17.3,0,199,143
4,0,7,0,0,2,0,29.4,1.4,0,171,146
0,0,7,0,0,2,0,27.3,1.7,0,97,84
0,0,7,4,0,2,0,31.8,0.2,0,135,107
0,0,7,1,0,2,0,27.0,3.9,0,191,142
0,0,7,3,0,2,0,27.1,2.6,0,89,74
0,0,7,2,0,2,0,32.1,2.3,0,174,135
2,1,7,3,0,2,0,31.4,7.9,0,94,80
2,1,7,1,0,2,0,26.9,3.3,0,111,123
2,1,7,2,0,2,0,28.6,0.9,0,161,158
2,1,7,4,0,2,0,30.6,3.3,0,117,128
2,1,7,0,0,2,0,28.5,7.9,0,97,85
3,1,7,4,0,2,0,27.6,3.2,0,104,110
3,1,7,3,0,2,0,30.9,2.2,0,175,154
3,1,7,1,0,2,0,27.4,12.1,0,180,179
3,1,7,2,0,2,0,31.2,2.9,0,93,96
3,1,7,0,0,2,0,28.0,0.6,0,199,178
1,0,7,0,0,2,0,31.9,6.4,0,141,134
1,0,7,2,0,2,0,30.0,0.6,0,157,120
1,0,7,4,0,2,0,32.6,9.0,0,155,130
1,0,7,1,0,2,0,32.3,3.7,0,117,110
1,0,7,3,0,2,0,28.0,1.0,0,188,151
5,0,7,3,0,2,0,26.2,1.2,0,164,151
5,0,7,1,0,2,0,27.7,1.2,0,92,79
5,0,7,2,0,2,0,30.2,0.2,0,195,173
5,0,7,4,0,2,0,27.1,2.5,0,94,70
5,0,7,0,0,2,0,28.1,1.1,0,170,121
6,0,7,4,0,2,0,30.9,10.9,0,193,154
6,0,7,2,0,2,0,27.1,2.7,0,161,133
6,0,7,0,0,2,0,31.8,0.7,0,164,146
6,0,7,3,0,2,0,28.0,0.9,0,169,152
6,0,7,1,0,2,0,30.1,0.0,0,107,95
4,0,7,3,0,2,0,26.3,4.2,0,162,138
4,0,7,1,0,2,0,32.4,2.9,0,174,127
4,0,7,2,0,2,0,30.4,1.3,0,136,110
4,0,7,4,0,2,0,31.9,0.7,0,178,158
4,0,7,0,0,2,0,27.5,1.6,0,91,80
0,0,7,3,0,2,0,26.8,3.7,0,151,141
0,0,7,1,0,2,0,30.9,3.8,0,121,97
0,0,7,2,0,2,0,31.3,0.5,0,96,72
0,0,7,4,0,2,0,29.9,7.8,0,119,111
0,0,7,0,0,2,0,28.7,0.3,0,116,103
2,1,7,4,0,2,0,27.3,1.4,0,117,132
2,1,7,2,0,2,0,26.3,4.1,0,96,99
2,1,7,0,0,2,0,32.2,5.4,0,169,188
2,1,7,3,0,2,0,29.0,0.4,0,128,117
2,1,7,1,0,2,0,28.4,0.1,0,194,180
3,1,7,3,0,2,0,28.4,2.4,0,137,145
3,1,7,1,0,2,0,30.9,3.9,0,189,204
3,1,7,2,0,2,0,27.9,0.6,0,135,131
3,1,7,4,0,2,0,27.8,1.7,0,119,119
3,1,7,0,0,2,0,32.9,11.2,0,193,216
1,0,7,3,0,2,0,26.4,0.4,0,95,83
1,0,7,1,0,2,0,27.9,1.7,0,188,153
1,0,7,2,0,2,0,29.5,1.1,0,197,170
1,0,7,4,0,2,0,31.3,5.6,0,89,66
1,0,7,0,0,2,0,28.1,0.5,0,106,76
5,0,8,0,0,2,0,29.0,7.1,0,165,123
5,0,8,4,0,2,0,29.1,5.2,0,82,64
5,0,8,2,0,2,0,32.4,1.5,0,134,97
5,0,8,3,0,2,0,26.0,1.0,0,132,101
5,0,8,1,0,2,0,31.0,7.8,0,129,119
6,0,8,3,0,2,0,29.4,0.5,0,94,88
6,0,8,1,0,2,0,27.0,5.3,0,104,77
6,0,8,2,0,2,0,26.8,3.2,0,192,137
6,0,8,4,0,2,0,27.5,0.1,0,170,159
6,0,8,0,0,2,0,31.7,3.3,0,102,89
4,0,8,3,0,2,0,28.9,3.3,0,131,92
4,0,8,1,0,2,0,31.8,6.5,0,84,61
4,0,8,2,0,2,0,26.5,1.8,0,138,130
4,0,8,4,0,2,0,27.5,0.3,0,191,171
4,0,8,0,0,2,0,30.9,3.8,0,90,75
0,0,8,0,0,2,0,27.6,3.8,0,144,106
0,0,8,4,0,2,0,26.8,0.1,0,80,65
0,0,8,1,0,2,0,32.6,6.8,0,173,132
0,0,8,3,0,2,0,26.7,0.8,0,151,117
0,0,8,2,0,2,0,32.8,2.3,0,190,140
2,1,8,3,0,2,0,30.8,9.1,0,158,172
2,1,8,1,0,2,0,29.3,1.7,0,87,77
2,1,8,2,0,2,0,26.4,3.3,0,92,80
2,1,8,4,0,2,0,29.3,2.6,0,85,86
2,1,8,0,0,2,0,27.3,0.6,0,94,102
3,1,8,0,0,2,0,29.9,5.0,0,92,83
3,1,8,2,0,2,0,29.7,0.1,0,84,78
3,1,8,4,0,2,0,27.7,4.2,0,193,218
3,1,8,3,0,2,0,28.7,2.5,0,196,177
3,1,8,1,0,2,0,26.1,4.5,0,137,143
1,0,8,3,0,2,0,27.7,2.9,0,142,133
1,0,8,1,0,2,0,30.6,0.3,0,98,74
1,0,8,2,0,2,0,30.8,11.3,0,123,111
1,0,8,4,0,2,0,30.3,1.9,0,186,175
1,0,8,0,0,2,0,29.1,5.5,0,149,129
5,0,8,4,0,2,0,26.7,1.5,0,94,83
5,0,8,3,0,2,0,30.6,0.3,0,190,147
5,0,8,1,0,2,0,29.9,0.1,0,95,67
5,0,8,2,0,2,0,28.9,0.7,0,188,165
5,0,8,0,0,2,0,32.7,1.0,0,87,62
6,0,8,0,0,2,0,29.0,1.9,0,102,84
6,0,8,4,0,2,0,30.6,0.0,0,135,123
6,0,8,2,0,2,0,29.0,5.3,0,122,113
6,0,8,1,0,2,0,26.6,1.5,0,193,168
6,0,8,3,0,2,0,29.3,1.9,0,136,105
4,0,8,3,0,2,0,29.0,1.1,0,175,135
4,0,8,1,0,2,0,32.3,1.0,0,199,141
4,0,8,2,0,2,0,27.9,0.0,0,96,84
4,0,8,4,0,2,0,28.3,1.1,0,162,127
4,0,8,0,0,2,0,30.7,6.5,0,101,74
0,0,8,4,0,2,0,30.4,1.0,0,126,104
0,0,8,2,0,2,0,29.0,1.5,0,152,113
0,0,8,0,0,2,0,32.4,6.0,0,177,131
0,0,8,3,0,2,0,28.7,3.9,0,156,148
0,0,8,1,0,2,0,26.2,3.7,0,166,135
2,1,8,3,0,2,0,28.9,5.7,0,157,166
2,1,8,1,0,2,0,30.8,1.7,0,120,103
2,1,8,2,0,2,0,27.1,1.6,0,89,81
2,1,8,4,0,2,0,26.2,7.2,0,124,115
2,1,8,0,0,2,0,27.9,1.3,0,81,91
3,1,8,3,0,2,0,28.9,0.2,0,154,149
3,1,8,1,0,2,0,26.1,7.8,0,138,140
3,1,8,2,0,2,0,26.1,6.2,0,126,115
3,1,8,4,0,2,0,30.9,1.8,0,83,94
3,1,8,0,0,2,0,29.8,1.3,0,106,107
1,0,8,4,0,2,1,26.6,0.9,0,197,155
1,0,8,2,0,2,1,27.6,1.0,0,164,118
1,0,8,0,0,2,1,32.1,0.3,0,95,74
1,0,8,3,0,2,1,31.3,0.6,0,198,166
1,0,8,1,0,2,1,26.4,2.2,0,122,110
5,0,8,2,0,2,1,30.0,6.5,0,106,98
5,0,8,4,0,2,1,29.8,5.3,0,142,112
5,0,8,3,0,2,1,30.6,8.2,0,116,102
5,0,8,1,0,2,1,29.4,4.7,0,131,97
5,0,8,0,0,2,1,28.9,4.6,0,148,134
6,0,8,0,0,2,0,29.8,0.4,0,84,62
6,0,8,2,0,2,0,28.2,0.5,0,194,156
6,0,8,4,0,2,0,27.7,4.5,0,136,100
6,0,8,1,0,2,0,30.5,1.2,0,101,79
6,0,8,3,0,2,0,30.1,1.6,0,113,85
4,0,8,3,0,2,0,31.2,1.8,0,137,97
4,0,8,1,0,2,0,32.9,0.1,0,88,65
4,0,8,2,0,2,0,32.9,15.1,0,173,136
4,0,8,4,0,2,0,31.3,2.8,0,110,85
4,0,8,0,0,2,0,29.3,3.9,0,195,158
0,0,8,4,0,2,0,31.7,0.2,0,176,145
0,0,8,2,0,2,0,26.9,0.4,0,150,106
0,0,8,0,0,2,0,27.4,4.2,0,132,118
0,0,8,3,0,2,0,30.3,4.4,0,175,160
0,0,8,1,0,2,0,27.4,10.9,0,186,143
2,1,8,3,0,2,0,27.8,8.0,0,187,161
2,1,8,1,0,2,0,28.0,0.4,0,154,168
2,1,8,2,0,2,0,28.3,4.5,0,192,216
2,1,8,4,0,2,0,31.4,0.0,0,133,129
2,1,8,0,0,2,0,27.9,5.9,0,89,93
3,1,8,3,0,2,0,27.6,3.9,0,184,191
3,1,8,1,0,2,0,27.8,4.2,0,188,192
3,1,8,2,0,2,0,31.9,0.2,0,120,137
3,1,8,4,0,2,0,27.3,3.6,0,91,86
3,1,8,0,0,2,0,29.3,0.1,0,175,189
1,0,8,4,0,2,0,30.0,3.3,0,103,81
1,0,8,2,0,2,0,31.6,2.0,0,94,87
1,0,8,0,0,2,0,29.8,7.3,0,167,131
1,0,8,3,0,2,0,31.9,2.6,0,145,117
1,0,8,1,0,2,0,29.8,0.8,0,106,91
5,0,8,3,0,2,0,32.4,2.1,0,199,182
5,0,8,1,0,2,0,32.9,5.2,0,159,151
5,0,8,2,0,2,0,30.2,1.5,0,124,108
5,0,8,4,0,2,0,32.6,1.4,0,175,156
5,0,8,0,0,2,0,26.6,10.3,0,100,86
6,0,8,3,0,2,0,30.2,0.1,0,149,130
6,0,8,1,0,2,0,32.3,7.3,0,140,110
6,0,8,2,0,2,0,26.9,0.4,0,120,98
6,0,8,4,0,2,0,29.5,1.5,0,106,85
6,0,8,0,0,2,0,31.1,6.1,0,158,146
4,0,8,0,0,2,0,27.6,2.0,0,80,62
4,0,8,4,0,2,0,29.8,1.9,0,124,117
4,0,8,2,0,2,0,31.8,9.2,0,108,78
4,0,8,3,0,2,0,26.1,1.6,0,171,131
4,0,8,1,0,2,0,26.1,3.1,0,119,110
0,0,8,3,0,2,0,26.7,0.8,0,190,179
0,0,8,1,0,2,0,28.8,0.4,0,95,90
0,0,8,2,0,2,0,30.1,6.7,0,137,112
0,0,8,4,0,2,0,28.2,2.7,0,163,142
0,0,8,0,0,2,0,28.2,0.6,0,82,73
2,1,8,3,0,2,0,30.7,0.5,0,163,171
2,1,8,1,0,2,0,31.3,8.2,0,197,224
2,1,8,2,0,2,0,26.6,6.1,0,92,78
2,1,8,4,0,2,0,28.0,2.3,0,132,142
2,1,8,0,0,2,0,27.6,1.0,0,151,170
3,1,8,4,0,2,0,28.1,10.8,0,177,175
3,1,8,2,0,2,0,30.1,3.1,0,157,134
3,1,8,0,0,2,0,30.8,1.2,0,181,187
3,1,8,3,0,2,0,26.8,2.6,0,122,113
3,1,8,1,0,2,0,31.4,4.2,0,191,166
1,0,8,3,0,2,0,27.1,15.1,0,151,128
1,0,8,1,0,2,0,31.1,1.8,0,90,83
1,0,8,2,0,2,0,33.0,4.8,0,181,152
1,0,8,4,0,2,0,28.5,9.7,0,125,110
1,0,8,0,0,2,0,32.5,14.8,0,197,153
5,0,8,3,0,2,0,32.8,4.0,0,175,156
5,0,8,1,0,2,0,29.2,2.1,0,133,111
5,0,8,2,0,2,0,31.5,1.5,0,186,175
5,0,8,4,0,2,0,28.6,0.3,0,162,117
5,0,8,0,0,2,0,27.2,0.3,0,171,162
6,0,8,0,0,2,0,32.7,0.7,0,89,68
6,0,8,4,0,2,0,29.2,2.1,0,86,74
6,0,8,3,0,2,0,29.2,1.8,0,172,158
6,0,8,1,0,2,0,29.2,17.0,0,181,144
6,0,8,2,0,2,0,30.6,2.3,0,195,156
4,0,8,3,0,2,0,29.7,0.5,0,170,133
4,0,8,1,0,2,0,26.9,2.0,0,113,80
4,0,8,2,0,2,0,30.3,4.8,0,83,70
4,0,8,4,0,2,0,30.2,8.2,0,114,83
4,0,8,0,0,2,0,27.8,1.4,0,195,140
0,0,9,3,0,2,0,30.0,9.5,0,97,72
0,0,9,1,0,2,0,32.2,3.3,0,138,109
0,0,9,2,0,2,0,30.3,3.0,0,125,111
0,0,9,4,0,2,0,30.1,7.1,0,109,85
0,0,9,0,0,2,0,31.5,9.9,0,115,103
2,1,9,4,0,2,0,33.0,0.0,0,121,119
2,1,9,0,0,2,0,31.7,12.0,0,106,100
2,1,9,2,0,2,0,26.3,2.1,0,180,174
2,1,9,3,0,2,0,27.9,11.3,0,80,75
2,1,9,1,0,2,0,32.9,1.6,0,85,90
3,1,9,3,0,2,0,32.1,0.1,0,108,100
3,1,9,1,0,2,0,26.9,2.3,0,131,111
3,1,9,2,0,2,0,26.8,0.5,0,86,96
3,1,9,4,0,2,0,28.7,1.0,0,112,122
3,1,9,0,0,2,0,27.4,2.3,0,161,148
1,0,9,3,0,2,0,29.5,0.3,0,145,131
1,0,9,1,0,2,0,30.4,6.1,0,136,96
1,0,9,2,0,2,0,27.7,8.0,0,118,100
1,0,9,4,0,2,0,27.5,3.9,0,88,62
1,0,9,0,0,2,0,31.7,7.0,0,148,132
5,0,9,0,0,2,0,31.9,0.6,0,83,58
5,0,9,4,0,2,0,32.0,12.2,0,146,116
5,0,9,2,0,2,0,27.4,2.0,0,85,68
5,0,9,3,0,2,0,29.7,1.0,0,118,94
5,0,9,1,0,2,0,30.4,0.0,0,82,61
6,0,9,3,0,2,0,26.2,3.2,0,95,80
6,0,9,1,0,2,0,32.1,3.3,0,156,114
6,0,9,2,0,2,0,32.4,6.0,0,177,132
6,0,9,4,0,2,0,29.8,4.1,0,80,63
6,0,9,0,0,2,0,30.1,2.4,0,192,138
4,0,9,3,0,2,0,27.2,0.5,0,105,93
4,0,9,1,0,2,0,30.8,0.7,0,102,97
4,0,9,2,0,2,0,30.8,11.9,0,97,90
4,0,9,4,0,2,0,26.6,1.3,0,138,97
4,0,9,0,0,2,0,30.7,4.1,0,106,94
0,0,9,4,0,2,0,27.7,0.4,0,197,168
0,0,9,0,0,2,0,27.5,3.5,0,124,102
0,0,9,1,0,2,0,27.2,0.4,0,146,138
0,0,9,3,0,2,0,28.9,4.2,0,171,134
0,0,9,2,0,2,0,29.8,13.2,0,182,145
2,1,9,3,0,2,0,32.5,0.3,0,193,198
2,1,9,1,0,2,0,30.5,7.4,0,182,166
2,1,9,2,0,2,0,32.1,7.1,0,123,121
2,1,9,4,0,2,0,30.4,5.4,0,165,148
2,1,9,0,0,2,0,31.6,1.6,0,134,124
3,1,9,3,0,2,0,31.1,1.9,0,107,116
3,1,9,1,0,2,0,32.1,0.2,0,105,116
3,1,9,2,0,2,0,30.6,2.5,0,117,112
3,1,9,4,0,2,0,29.6,22.7,1,95,83
3,1,9,0,0,2,0,31.4,20.5,1,151,114
1,0,9,0,0,2,0,29.9,3.4,0,161,115
1,0,9,4,0,2,0,28.4,1.1,0,100,82
1,0,9,3,0,2,0,32.6,8.5,0,183,134
1,0,9,1,0,2,0,28.9,1.8,0,194,168
1,0,9,2,0,2,0,29.4,2.2,0,109,102
5,0,9,3,0,2,0,31.8,1.2,0,86,77
5,0,9,1,0,2,0,29.9,1.2,0,88,78
5,0,9,2,0,2,0,28.9,0.9,0,119,101
5,0,9,4,0,2,0,29.4,0.6,0,180,167
5,0,9,0,0,2,0,26.4,4.7,0,145,112
6,0,9,4,0,2,0,28.5,0.5,0,114,105
6,0,9,2,0,2,0,29.3,0.4,0,97,85
6,0,9,0,0,2,0,27.4,0.1,0,186,158
6,0,9,3,0,2,0,26.0,2.7,0,117,85
6,0,9,1,0,2,0,28.2,0.4,0,82,61
4,0,9,0,0,2,1,26.5,7.1,0,186,134
4,0,9,4,0,2,1,28.1,3.2,0,85,72
4,0,9,3,0,2,1,28.2,3.9,0,102,82
4,0,9,1,0,2,1,31.2,9.8,0,80,63
4,0,9,2,0,2,1,27.2,0.8,0,183,139
0,0,9,3,0,2,1,27.2,2.9,0,195,165
0,0,9,1,0,2,1,26.1,1.8,0,174,122
0,0,9,2,0,2,1,30.5,4.4,0,88,68
0,0,9,4,0,2,1,27.9,1.6,0,131,115
0,0,9,0,0,2,1,30.6,6.6,0,190,165
2,1,9,4,0,2,0,26.2,0.9,0,92,96
2,1,9,0,0,2,0,27.7,5.7,0,131,130
2,1,9,3,0,2,0,32.5,23.2,1,153,117
2,1,9,1,0,2,0,26.9,4.1,0,142,129
2,1,9,2,0,2,0,32.3,1.2,0,178,198
3,1,9,3,0,2,0,30.8,10.7,0,182,206
3,1,9,1,0,2,0,30.5,10.9,0,157,149
3,1,9,2,0,2,0,32.2,0.7,0,110,124
3,1,9,4,0,2,0,28.8,0.6,0,81,91
3,1,9,0,0,2,0,29.0,4.0,0,198,196
1,0,9,3,0,2,0,28.2,2.2,0,197,153
1,0,9,1,0,2,0,30.5,2.0,0,139,107
1,0,9,2,0,2,0,27.4,6.1,0,167,151
1,0,9,4,0,2,0,31.6,1.6,0,114,104
1,0,9,0,0,2,0,27.3,12.5,0,86,61
5,0,9,4,0,2,0,31.4,0.6,0,103,75
5,0,9,0,0,2,0,32.0,1.6,0,134,111
5,0,9,1,0,2,0,27.7,1.5,0,195,160
5,0,9,3,0,2,0,31.5,9.3,0,197,143
5,0,9,2,0,2,0,29.8,10.4,0,86,79
6,0,9,3,0,2,0,30.5,2.9,0,194,151
6,0,9,1,0,2,0,26.4,0.8,0,140,103
6,0,9,2,0,2,0,32.7,1.6,0,135,102
6,0,9,4,0,2,0,32.6,8.2,0,191,149
6,0,9,0,0,2,0,32.0,0.6,0,80,68
4,0,9,4,0,2,0,31.9,3.2,0,129,103
4,0,9,2,0,2,0,27.5,0.4,0,166,123
4,0,9,0,0,2,0,30.0,1.5,0,160,130
4,0,9,3,0,2,0,26.6,4.2,0,114,105
4,0,9,1,0,2,0,27.2,0.2,0,106,100
0,0,9,3,0,2,0,31.8,7.1,0,195,182
0,0,9,1,0,2,0,28.8,2.5,0,191,167
0,0,9,2,0,2,0,28.5,8.5,0,103,76
0,0,9,4,0,2,0,30.3,1.5,0,193,137
0,0,9,0,0,2,0,32.7,4.5,0,115,87
2,1,9,3,0,2,0,30.9,4.0,0,156,145
2,1,9,1,0,2,0,31.4,2.0,0,111,126
2,1,9,2,0,2,0,32.4,1.0,0,113,107
2,1,9,4,0,2,0,28.5,1.7,0,177,158
2,1,9,0,0,2,0,29.2,0.1,0,143,142
3,1,9,4,0,2,0,32.0,4.5,0,122,119
3,1,9,2,0,2,0,29.0,6.1,0,114,126
3,1,9,0,0,2,0,27.8,5.6,0,164,170
3,1,9,3,0,2,0,27.0,16.2,0,133,131
3,1,9,1,0,2,0,29.2,8.1,0,173,167
1,0,9,3,0,2,0,31.2,1.5,0,168,136
1,0,9,1,0,2,0,32.4,1.7,0,184,155
1,0,9,2,0,2,0,29.4,7.9,0,145,102
1,0,9,4,0,2,0,32.4,7.4,0,101,91
1,0,9,0,0,2,0,31.3,5.3,0,176,155
5,0,9,3,0,2,0,32.5,2.3,0,167,130
5,0,9,1,0,2,0,27.7,0.3,0,138,118
5,0,9,2,0,2,0,31.0,0.5,0,179,166
5,0,9,4,0,2,0,26.8,1.1,0,193,144
5,0,9,0,0,2,0,26.3,2.0,0,97,79
6,0,9,0,0,2,0,32.2,2.0,0,193,140
6,0,9,4,0,2,0,32.9,5.6,0,165,148
6,0,9,1,0,2,0,32.0,8.0,0,194,137
6,0,9,3,0,2,0,31.2,4.6,0,140,116
6,0,9,2,0,2,0,29.7,0.2,0,150,123
4,0,9,3,0,2,0,30.9,1.7,0,126,101
4,0,9,1,0,2,0,27.6,6.8,0,99,90
4,0,9,2,0,2,0,26.0,1.5,0,192,141
4,0,9,4,0,2,0,29.8,0.8,0,165,138
4,0,9,0,0,2,0,28.0,2.2,0,109,88
0,0,9,0,0,2,0,28.3,0.1,0,193,144
0,0,9,3,0,2,0,32.8,6.6,0,194,152
0,0,9,1,0,2,0,26.7,12.3,0,191,168
0,0,9,2,0,2,0,33.0,1.5,0,166,123
0,0,9,4,0,2,0,31.5,0.5,0,135,104
2,1,9,2,0,2,0,32.0,0.1,0,159,139
2,1,9,4,0,2,0,31.9,2.8,0,96,104
2,1,9,3,0,2,0,31.7,3.1,0,116,103
2,1,9,1,0,2,0,29.3,5.4,0,95,85
2,1,9,0,0,2,0,32.2,0.9,0,150,149
3,1,10,0,0,2,0,31.6,1.0,0,176,150
3,1,10,2,0,2,0,29.1,7.1,0,101,107
3,1,10,4,0,2,0,30.5,0.7,0,196,188
3,1,10,1,0,2,0,27.1,4.7,0,89,80
3,1,10,3,0,2,0,32.1,12.2,0,157,158
1,0,10,3,0,2,0,27.9,12.5,0,123,116
1,0,10,1,0,2,0,31.1,4.8,0,134,107
1,0,10,2,0,2,0,32.6,0.6,0,134,122
1,0,10,4,0,2,0,29.6,3.9,0,159,142
1,0,10,0,0,2,0,28.4,4.0,0,166,142
5,0,10,4,0,2,0,27.0,3.6,0,179,150
5,0,10,2,0,2,0,29.9,4.5,0,85,67
5,0,10,0,0,2,0,27.7,2.2,0,194,147
5,0,10,3,0,2,0,29.2,3.0,0,150,138
5,0,10,1,0,2,0,30.4,6.6,0,86,78
6,0,10,3,0,2,0,28.1,4.1,0,135,114
6,0,10,1,0,2,0,29.7,5.7,0,107,80
6,0,10,2,0,2,0,29.3,6.5,0,81,64
6,0,10,4,0,2,0,29.6,2.1,0,168,146
6,0,10,0,0,2,0,26.2,4.7,0,176,161
4,0,10,3,0,2,0,31.1,1.8,0,196,156
4,0,10,1,0,2,0,26.6,0.6,0,199,166
4,0,10,2,0,2,0,27.6,7.6,0,175,144
4,0,10,4,0,2,0,26.9,1.5,0,160,116
4,0,10,0,0,2,0,30.0,3.5,0,137,121
0,0,10,4,0,2,0,26.0,2.8,0,199,169
0,0,10,2,0,2,0,28.3,1.9,0,128,93
0,0,10,0,0,2,0,32.2,0.2,0,158,130
0,0,10,3,0,2,0,29.8,8.6,0,103,74
0,0,10,1,0,2,0,32.1,5.2,0,163,151
2,1,10,3,0,2,0,27.5,8.2,0,169,189
2,1,10,1,0,2,0,29.0,1.7,0,171,176
2,1,10,2,0,2,0,31.8,0.8,0,176,196
2,1,10,4,0,2,0,30.0,5.7,0,128,120
2,1,10,0,0,2,0,31.1,6.4,0,105,100
3,1,10,3,0,2,0,31.6,11.3,0,86,81
3,1,10,1,0,2,0,29.8,0.2,0,133,127
3,1,10,2,0,2,0,26.4,2.1,0,159,152
3,1,10,4,0,2,0,30.1,2.5,0,85,88
3,1,10,0,0,2,0,27.3,5.5,0,122,107
1,0,10,0,0,2,0,29.6,2.2,0,119,84
1,0,10,4,0,2,0,29.7,3.9,0,177,153
1,0,10,2,0,2,0,29.0,2.6,0,91,86
1,0,10,3,0,2,0,30.2,2.7,0,124,99
1,0,10,1,0,2,0,26.7,3.0,0,105,99
5,0,10,3,0,2,0,32.8,1.1,0,102,81
5,0,10,1,0,2,0,27.0,5.4,0,99,87
5,0,10,2,0,2,0,30.2,5.3,0,145,133
5,0,10,4,0,2,0,28.9,1.5,0,123,106
5,0,10,0,0,2,0,26.5,9.1,0,101,73
6,0,10,3,0,2,0,31.9,3.8,0,196,156
6,0,10,1,0,2,0,29.3,7.7,0,85,64
6,0,10,2,0,2,0,32.0,0.4,0,86,78
6,0,10,4,0,2,0,27.3,2.3,0,148,130
6,0,10,0,0,2,0,29.7,4.0,0,172,133
4,0,10,4,0,2,0,29.7,6.9,0,96,70
4,0,10,2,0,2,0,31.0,10.6,0,187,135
4,0,10,0,0,2,0,28.1,3.0,0,91,65
4,0,10,3,0,2,0,29.6,5.5,0,90,79
4,0,10,1,0,2,0,32.5,5.4,0,198,186
0,0,10,3,0,2,0,27.2,4.9,0,164,140
0,0,10,1,0,2,0,32.8,5.2,0,81,59
0,0,10,2,0,2,0,31.0,0.8,0,130,107
0,0,10,4,0,2,0,26.2,1.1,0,81,67
0,0,10,0,0,2,0,28.3,2.9,0,89,80
2,1,10,3,0,2,1,27.8,6.0,0,185,180
2,1,10,1,0,2,1,30.6,2.3,0,164,177
2,1,10,2,0,2,1,27.0,0.3,0,99,111
2,1,10,4,0,2,1,29.5,1.6,0,117,128
2,1,10,0,0,2,1,32.0,1.5,0,153,171
3,1,10,0,0,2,1,27.7,0.9,0,189,206
3,1,10,4,0,2,1,31.5,5.5,0,195,213
3,1,10,3,0,2,1,26.1,3.2,0,193,166
3,1,10,1,0,2,1,28.3,4.5,0,100,100
3,1,10,2,0,2,1,30.3,1.1,0,167,164
1,0,10,3,0,2,0,28.6,15.9,0,104,76
1,0,10,1,0,2,0,26.3,0.2,0,166,121
1,0,10,2,0,2,0,26.3,2.3,0,164,125
1,0,10,4,0,2,0,26.7,2.0,0,163,132
1,0,10,0,0,2,0,30.0,3.4,0,189,149
5,0,10,3,0,2,0,30.3,8.6,0,132,96
5,0,10,1,0,2,0,31.4,13.6,0,137,115
5,0,10,2,0,2,0,29.6,1.3,0,168,130
5,0,10,4,0,2,0,30.4,2.4,0,98,74
5,0,10,0,0,2,0,27.9,0.7,0,91,85
6,0,10,4,0,2,0,31.2,3.0,0,180,153
6,0,10,0,0,2,0,26.6,4.6,0,105,96
6,0,10,2,0,2,0,32.0,3.3,0,155,144
6,0,10,3,0,2,0,26.4,2.7,0,136,114
6,0,10,1,0,2,0,27.2,0.3,0,162,127
4,0,10,3,0,2,0,28.4,0.1,0,139,125
4,0,10,1,0,2,0,27.1,3.1,0,154,142
4,0,10,2,0,2,0,30.4,0.6,0,129,118
4,0,10,4,0,2,0,29.3,4.4,0,107,93
4,0,10,0,0,2,0,28.1,0.8,0,164,130
0,0,10,3,0,2,0,27.5,4.8,0,140,99
0,0,10,1,0,2,0,28.3,2.5,0,188,152
0,0,10,2,0,2,0,31.9,0.9,0,95,75
0,0,10,4,0,2,0,32.9,7.3,0,110,78
0,0,10,0,0,2,0,26.2,2.4,0,180,140
2,1,10,0,0,2,0,27.5,3.9,0,180,201
2,1,10,4,0,2,0,28.5,11.1,0,147,151
2,1,10,2,0,2,0,27.3,2.4,0,188,196
2,1,10,3,0,2,0,26.3,2.8,0,148,165
2,1,10,1,0,2,0,28.7,7.1,0,148,168
3,1,10,3,0,2,0,27.4,6.4,0,117,109
3,1,10,1,0,2,0,28.8,1.1,0,89,83
3,1,10,2,0,2,0,32.9,4.1,0,183,172
3,1,10,4,0,2,0,28.8,1.1,0,180,175
3,1,10,0,0,2,0,32.1,0.8,0,114,114
1,0,10,3,0,2,0,30.6,1.3,0,157,125
1,0,10,1,0,2,0,30.3,2.4,0,158,122
1,0,10,2,0,2,0,32.5,1.0,0,177,145
1,0,10,4,0,2,0,27.2,1.8,0,191,179
1,0,10,0,0,2,0,32.1,3.4,0,197,145
5,0,10,0,0,2,0,32.4,5.1,0,159,133
5,0,10,4,0,2,0,31.3,1.5,0,122,101
5,0,10,2,0,2,0,30.8,4.3,0,174,144
5,0,10,1,0,2,0,28.0,3.5,0,166,117
5,0,10,3,0,2,0,30.2,4.4,0,101,73
6,0,10,3,0,2,0,31.0,2.3,0,159,130
6,0,10,1,0,2,0,28.7,13.6,0,165,144
6,0,10,2,0,2,0,32.0,23.0,1,128,79
6,0,10,4,0,2,0,26.2,5.2,0,123,92
6,0,10,0,0,2,0,31.8,3.3,0,158,143
4,0,10,4,0,2,0,27.6,0.7,0,147,117
4,0,10,2,0,2,0,29.6,5.0,0,98,80
4,0,10,0,0,2,0,31.7,0.0,0,175,144
4,0,10,3,0,2,0,28.2,2.1,0,96,78
4,0,10,1,0,2,0,32.0,1.5,0,97,72
0,0,10,3,0,2,0,27.3,8.9,0,89,68
0,0,10,1,0,2,0,28.5,4.9,0,100,72
0,0,10,2,0,2,0,31.0,1.3,0,164,146
0,0,10,4,0,2,0,26.6,0.2,0,137,101
0,0,10,0,0,2,0,29.3,3.7,0,117,95
2,1,10,3,0,2,0,28.0,3.3,0,92,98
2,1,10,1,0,2,0,32.3,2.3,0,128,145
2,1,10,2,0,2,0,27.8,2.9,0,136,151
2,1,10,4,0,2,0,28.4,3.8,0,159,179
2,1,10,0,0,2,0,29.6,2.4,0,133,147
3,1,10,4,0,2,0,29.1,2.9,0,134,116
3,1,10,2,0,2,0,31.7,2.0,0,119,105
3,1,10,0,0,2,0,26.8,8.2,0,135,153
3,1,10,3,0,2,0,27.8,2.6,0,126,117
3,1,10,1,0,2,0,28.0,2.1,0,144,146
1,0,10,3,0,2,0,32.6,1.6,0,156,123
1,0,10,1,0,2,0,31.6,3.9,0,98,92
1,0,10,2,0,2,0,26.6,0.7,0,121,113
1,0,10,4,0,2,0,31.5,0.1,0,81,66
1,0,10,0,0,2,0,30.9,5.3,0,118,108
5,0,10,3,0,2,0,32.7,1.1,0,118,95
5,0,10,1,0,2,0,27.2,15.2,0,148,106
5,0,10,2,0,2,0,31.9,0.2,0,147,123
5,0,10,4,0,2,0,30.9,2.9,0,136,118
5,0,10,0,0,2,0,26.9,7.6,0,154,114
6,0,11,0,0,2,0,27.3,2.9,0,191,180
6,0,11,4,0,2,0,29.5,1.2,0,138,103
6,0,11,2,0,2,0,28.4,4.9,0,164,124
6,0,11,3,0,2,0,28.7,1.7,0,88,79
6,0,11,1,0,2,0,29.4,6.3,0,165,148
4,0,11,3,0,2,0,30.0,8.0,0,118,108
4,0,11,1,0,2,0,27.7,2.4,0,174,153
4,0,11,2,0,2,0,28.6,0.4,0,117,90
4,0,11,4,0,2,0,30.1,5.1,0,151,142
4,0,11,0,0,2,0,32.7,1.1,0,171,149
0,0,11,3,0,2,0,31.9,1.6,0,107,83
0,0,11,1,0,2,0,29.7,4.7,0,102,74
0,0,11,2,0,2,0,27.6,0.5,0,158,126
0,0,11,4,0,2,0,28.5,1.5,0,91,85
0,0,11,0,0,2,0,31.0,0.0,0,91,75
2,1,11,4,0,2,0,30.2,5.4,0,113,123
2,1,11,2,0,2,0,28.7,2.7,0,113,97
2,1,11,0,0,2,0,26.2,7.4,0,193,180
2,1,11,3,0,2,0,31.5,3.0,0,187,212
2,1,11,1,0,2,0,27.7,4.6,0,174,191
3,1,11,3,0,2,0,32.6,4.5,0,130,112
3,1,11,1,0,2,0,27.4,1.7,0,86,79
3,1,11,2,0,2,0,32.1,0.4,0,167,152
3,1,11,4,0,2,0,27.5,2.1,0,153,129
3,1,11,0,0,2,0,29.6,0.6,0,181,205
1,0,11,3,0,2,0,32.7,6.4,0,180,129
1,0,11,1,0,2,0,28.2,1.2,0,187,151
1,0,11,2,0,2,0,26.6,5.5,0,92,73
1,0,11,4,0,2,0,30.8,1.5,0,178,153
1,0,11,0,0,2,0,33.0,6.0,0,145,113
5,0,11,0,0,2,0,31.3,3.4,0,124,87
5,0,11,4,0,2,0,30.0,3.0,0,153,113
5,0,11,3,0,2,0,30.9,5.8,0,190,140
5,0,11,1,0,2,0,32.0,6.8,0,91,80
5,0,11,2,0,2,0,30.9,17.5,0,120,87
6,0,11,3,0,2,0,27.8,2.9,0,150,112
6,0,11,1,0,2,0,29.8,5.0,0,146,104
6,0,11,2,0,2,0,27.6,2.7,0,145,135
6,0,11,4,0,2,0,26.9,4.2,0,177,135
6,0,11,0,0,2,0,29.2,0.6,0,96,78
4,0,11,3,0,2,0,27.1,1.5,0,189,169
4,0,11,1,0,2,0,31.7,5.8,0,168,136
4,0,11,2,0,2,0,26.3,2.8,0,128,110
4,0,11,4,0,2,0,29.2,3.0,0,182,165
4,0,11,0,0,2,0,26.6,8.0,0,194,150
0,0,11,4,0,2,0,32.4,2.3,0,182,165
0,0,11,0,0,2,0,30.4,0.3,0,137,117
0,0,11,2,0,2,0,32.1,3.0,0,120,92
0,0,11,3,0,2,0,29.8,0.6,0,127,121
0,0,11,1,0,2,0,27.5,0.4,0,181,133
2,1,11,3,0,2,0,27.5,2.4,0,126,116
2,1,11,1,0,2,0,28.7,11.5,0,177,200
2,1,11,2,0,2,0,29.2,2.8,0,98,104
2,1,11,4,0,2,0,27.9,4.1,0,130,126
2,1,11,0,0,2,0,29.2,6.2,0,108,121
3,1,11,3,0,2,0,26.2,4.8,0,106,96
3,1,11,1,0,2,0,28.9,1.7,0,145,125
3,1,11,2,0,2,0,31.8,4.2,0,144,143
3,1,11,4,0,2,0,29.8,1.2,0,80,89
3,1,11,0,0,2,0,29.1,0.2,0,130,113
1,0,11,0,0,2,0,31.7,5.5,0,169,149
1,0,11,4,0,2,0,32.8,1.8,0,153,132
1,0,11,2,0,2,0,27.9,2.0,0,164,118
1,0,11,3,0,2,0,26.4,3.6,0,153,109
1,0,11,1,0,2,0,29.0,2.5,0,140,131
5,0,11,3,0,2,1,27.9,1.5,0,94,81
5,0,11,1,0,2,1,26.3,3.6,0,131,115
5,0,11,2,0,2,1,32.8,16.3,0,186,134
5,0,11,4,0,2,1,30.7,6.9,0,137,116
5,0,11,0,0,2,1,27.0,11.1,0,151,115
6,0,11,3,0,2,1,29.9,0.9,0,100,76
6,0,11,1,0,2,1,30.4,0.1,0,199,142
6,0,11,2,0,2,1,31.9,2.3,0,172,144
6,0,11,4,0,2,1,26.6,5.7,0,108,95
6,0,11,0,0,2,1,32.1,0.8,0,116,83
4,0,11,4,0,2,0,29.1,1.2,0,171,145
4,0,11,0,0,2,0,31.2,4.5,0,86,75
4,0,11,1,0,2,0,26.8,0.9,0,196,153
4,0,11,3,0,2,0,30.1,7.3,0,159,132
4,0,11,2,0,2,0,28.4,3.6,0,167,157
0,0,11,3,0,2,0,28.0,4.7,0,145,126
0,0,11,1,0,2,0,32.0,13.2,0,153,127
0,0,11,2,0,2,0,28.4,1.6,0,85,72
0,0,11,4,0,2,0,30.3,6.1,0,161,146
0,0,11,0,0,2,0,26.4,5.5,0,182,171
2,1,11,4,0,2,0,29.4,0.1,0,153,163
2,1,11,2,0,2,0,27.2,1.1,0,187,160
2,1,11,0,0,2,0,29.5,9.7,0,95,101
2,1,11,3,0,2,0,28.1,0.1,0,80,68
2,1,11,1,0,2,0,32.7,0.9,0,82,86
3,1,11,3,0,2,0,27.8,9.0,0,94,98
3,1,11,1,0,2,0,30.2,5.6,0,194,216
3,1,11,2,0,2,0,32.5,0.7,0,154,143
3,1,11,4,0,2,0,28.1,1.8,0,166,181
3,1,11,0,0,2,0,29.2,1.2,0,128,142
1,0,11,3,0,2,0,26.7,4.3,0,184,157
1,0,11,1,0,2,0,27.6,3.2,0,196,184
1,0,11,2,0,2,0,30.7,1.4,0,135,97
1,0,11,4,0,2,0,31.7,1.6,0,134,97
1,0,11,0,0,2,0,29.0,6.4,0,130,95
5,0,11,4,0,2,0,26.4,0.1,0,108,77
5,0,11,2,0,2,0,30.6,3.1,0,100,75
5,0,11,0,0,2,0,29.2,8.9,0,110,81
5,0,11,3,0,2,0,30.5,0.9,0,132,110
5,0,11,1,0,2,0,26.6,1.1,0,161,127
6,0,11,3,0,2,0,29.0,1.7,0,81,71
6,0,11,1,0,2,0,30.7,15.6,0,178,135
6,0,11,2,0,2,0,26.9,8.7,0,81,59
6,0,11,4,0,2,0,31.5,9.6,0,95,77
6,0,11,0,0,2,0,29.4,1.0,0,91,71
4,0,11,3,0,2,0,31.3,11.0,0,153,143
4,0,11,1,0,2,0,32.7,1.1,0,128,98
4,0,11,2,0,2,0,26.5,1.2,0,136,95
4,0,11,4,0,2,0,27.1,1.7,0,85,75
4,0,11,0,0,2,0,26.2,1.9,0,161,131
0,0,11,0,0,2,0,30.8,1.1,0,87,72
0,0,11,4,0,2,0,33.0,1.0,0,147,118
0,0,11,2,0,2,0,30.1,9.7,0,99,90
0,0,11,3,0,2,0,26.7,9.1,0,154,133
0,0,11,1,0,2,0,28.8,3.6,0,143,102
2,1,11,3,0,2,0,31.6,0.6,0,110,104
2,1,11,1,0,2,0,26.4,5.3,0,146,127
2,1,11,2,0,2,0,27.9,6.8,0,136,125
2,1,11,4,0,2,0,26.6,2.0,0,82,84
2,1,11,0,0,2,0,28.9,0.7,0,123,108
3,1,11,3,0,2,0,26.4,0.1,0,197,169
3,1,11,1,0,2,0,26.8,3.5,0,81,74
3,1,11,2,0,2,0,28.1,2.6,0,185,195
3,1,11,4,0,2,0,31.1,0.8,0,168,179
3,1,11,0,0,2,0,29.5,0.5,0,197,197
1,0,11,0,0,2,0,27.9,2.4,0,186,164
1,0,11,4,0,2,0,27.0,0.4,0,125,108
1,0,11,2,0,2,0,31.0,1.1,0,177,142
1,0,11,1,0,2,0,31.6,3.6,0,121,109
1,0,11,3,0,2,0,33.0,2.6,0,103,83
5,0,11,3,0,2,0,28.2,2.8,0,136,128
5,0,11,1,0,2,0,27.3,5.1,0,98,79
5,0,11,2,0,2,0,31.3,0.6,0,166,155
5,0,11,4,0,2,0,30.4,2.3,0,162,134
5,0,11,0,0,2,0,26.1,2.2,0,120,88
6,0,11,4,0,2,0,32.1,4.4,0,102,73
6,0,11,2,0,2,0,26.5,3.5,0,84,64
6,0,11,0,0,2,0,30.9,0.2,0,105,83
6,0,11,3,0,2,0,32.1,1.3,0,95,86
6,0,11,1,0,2,0,30.1,0.9,0,84,68
4,0,11,3,0,2,0,33.0,2.6,0,144,106
4,0,11,1,0,2,0,28.0,8.1,0,129,105
4,0,11,2,0,2,0,31.0,3.5,0,151,129
4,0,11,4,0,2,0,26.6,1.0,0,137,127
4,0,11,0,0,2,0,28.3,12.2,0,118,110
0,0,12,3,0,2,0,30.5,9.2,0,127,101
0,0,12,1,0,2,0,26.7,3.9,0,184,137
0,0,12,2,0,2,0,28.1,0.2,0,131,105
0,0,12,4,0,2,0,32.5,5.0,0,113,83
0,0,12,0,0,2,0,28.7,0.1,0,138,120
2,1,12,4,0,2,0,28.9,0.4,0,120,113
2,1,12,2,0,2,0,31.0,6.0,0,170,143
2,1,12,0,0,2,0,27.7,17.7,0,178,178
2,1,12,3,0,2,0,28.0,3.5,0,146,141
2,1,12,1,0,2,0,28.1,13.1,0,146,133
3,1,12,3,0,2,0,33.0,6.4,0,108,98
3,1,12,1,0,2,0,28.0,2.1,0,121,135
3,1,12,2,0,2,0,28.6,0.4,0,111,105
3,1,12,4,0,2,0,28.4,0.0,0,117,128
3,1,12,0,0,2,0,28.9,15.7,0,157,167
1,0,12,3,0,2,0,26.2,0.5,0,197,153
1,0,12,1,0,2,0,28.6,5.9,0,144,115
1,0,12,2,0,2,0,32.6,2.1,0,123,101
1,0,12,4,0,2,0,32.3,9.5,0,119,93
1,0,12,0,0,2,0,27.5,6.7,0,145,109
5,0,12,0,0,2,0,26.1,0.2,0,180,163
5,0,12,4,0,2,0,29.8,2.8,0,81,71
5,0,12,2,0,2,0,30.0,4.1,0,116,110
5,0,12,3,0,2,0,31.6,7.6,0,88,82
5,0,12,1,0,2,0,27.3,3.4,0,145,121
6,0,12,3,0,2,0,26.1,3.1,0,172,151
6,0,12,1,0,2,0,31.7,4.4,0,104,86
6,0,12,2,0,2,0,31.4,2.7,0,146,126
6,0,12,4,0,2,0,27.2,8.2,0,91,78
6,0,12,0,0,2,0,26.6,4.1,0,173,124
4,0,12,3,0,2,0,30.4,1.2,0,126,92
4,0,12,1,0,2,0,30.4,10.9,0,148,120
4,0,12,2,0,2,0,31.3,0.6,0,129,112
4,0,12,4,0,2,0,31.7,1.2,0,156,142
4,0,12,0,0,2,0,32.0,0.4,0,175,156
0,0,12,4,0,2,0,31.3,6.5,0,97,89
0,0,12,2,0,2,0,27.6,4.1,0,165,129
0,0,12,0,0,2,0,30.2,0.5,0,95,77
0,0,12,3,0,2,0,26.6,2.4,0,183,161
0,0,12,1,0,2,0,26.7,3.9,0,175,157
2,1,12,3,0,2,0,26.8,2.4,0,196,171
2,1,12,1,0,2,0,29.5,6.7,0,96,94
2,1,12,2,0,2,0,28.5,1.8,0,172,165
2,1,12,4,0,2,0,31.9,2.7,0,156,169
2,1,12,0,0,2,0,28.4,0.2,0,183,176
3,1,12,4,0,2,0,31.4,0.7,0,173,161
3,1,12,2,0,2,0,26.7,1.1,0,164,143
3,1,12,0,0,2,0,26.2,1.6,0,95,96
3,1,12,3,0,2,0,28.3,2.7,0,96,107
3,1,12,1,0,2,0,32.4,3.7,0,113,106
1,0,12,3,0,2,0,28.5,2.4,0,129,101
1,0,12,1,0,2,0,27.9,0.8,0,85,69
1,0,12,2,0,2,0,31.3,0.9,0,171,148
1,0,12,4,0,2,0,27.7,2.7,0,182,143
1,0,12,0,0,2,0,29.9,0.9,0,177,150
5,0,12,3,0,2,0,29.2,6.8,0,133,99
5,0,12,1,0,2,0,31.7,2.2,0,138,128
5,0,12,2,0,2,0,26.9,0.8,0,183,139
5,0,12,4,0,2,0,26.9,0.5,0,142,134
5,0,12,0,0,2,0,28.6,10.3,0,161,118
6,0,12,4,0,2,0,31.5,2.9,0,166,121
6,0,12,2,0,2,0,26.8,1.9,0,90,81
6,0,12,0,0,2,0,30.1,4.4,0,116,103
6,0,12,3,0,2,0,32.4,2.7,0,178,169
6,0,12,1,0,2,0,27.9,4.5,0,162,122
4,0,12,3,0,2,1,29.8,0.3,0,81,69
4,0,12,1,0,2,1,30.5,4.8,0,117,101
4,0,12,2,0,2,1,31.6,2.5,0,199,188
4,0,12,4,0,2,1,31.2,0.5,0,97,72
4,0,12,0,0,2,1,29.6,2.7,0,178,169
0,0,12,3,0,2,1,27.2,4.5,0,146,104
0,0,12,1,0,2,1,26.4,0.8,0,118,89
0,0,12,2,0,2,1,31.2,21.7,1,127,98
0,0,12,4,0,2,1,27.1,1.4,0,129,114
0,0,12,0,0,2,1,32.2,0.3,0,151,121
2,1,12,0,0,2,0,27.5,0.5,0,107,102
2,1,12,4,0,2,0,30.0,1.6,0,94,96
2,1,12,2,0,2,0,29.6,3.0,0,146,161
2,1,12,3,0,2,0,32.9,0.2,0,137,128
2,1,12,1,0,2,0,29.2,1.3,0,160,175
3,1,12,3,0,2,0,27.7,0.1,0,149,138
3,1,12,1,0,2,0,26.9,0.6,0,180,157
3,1,12,2,0,2,0,27.4,35.2,1,158,141
3,1,12,4,0,2,0,27.1,1.1,0,123,107
3,1,12,0,0,2,0,32.7,3.8,0,150,144
1,0,12,3,0,2,0,32.4,4.2,0,114,102
1,0,12,1,0,2,0,32.5,2.6,0,157,126
1,0,12,2,0,2,0,26.4,2.7,0,188,164
1,0,12,4,0,2,0,27.7,10.7,0,176,159
1,0,12,0,0,2,0,27.1,1.8,0,126,89
5,0,12,4,0,2,0,30.0,9.7,0,146,120
5,0,12,2,0,2,0,32.7,0.3,0,187,149
5,0,12,0,0,2,0,28.7,14.3,0,162,139
5,0,12,3,0,2,0,31.5,1.8,0,119,89
5,0,12,1,0,2,0,28.6,0.4,0,157,117
6,0,12,3,0,2,0,30.6,8.1,0,86,75
6,0,12,1,0,2,0,27.5,1.0,0,98,87
6,0,12,2,0,2,0,31.3,3.7,0,127,95
6,0,12,4,0,2,0,26.1,0.4,0,104,85
6,0,12,0,0,2,0,27.2,1.6,0,183,133
4,0,12,3,0,2,0,28.7,0.2,0,107,93
4,0,12,1,0,2,0,31.9,1.0,0,89,73
4,0,12,2,0,2,0,29.6,0.8,0,161,147
4,0,12,4,0,2,0,29.5,15.9,0,186,146
4,0,12,0,0,2,0,32.3,11.3,0,81,75
0,0,12,0,0,2,0,26.7,3.1,0,121,98
0,0,12,4,0,2,0,26.4,1.9,0,119,88
0,0,12,3,0,2,0,26.5,3.2,0,177,166
0,0,12,1,0,2,0,31.4,3.9,0,176,160
0,0,12,2,0,2,0,27.4,7.0,0,98,81
2,1,12,3,0,2,0,27.0,2.0,0,150,158
2,1,12,1,0,2,0,32.9,4.8,0,146,138
2,1,12,2,0,2,0,26.6,5.2,0,125,106
2,1,12,4,0,2,0,30.9,0.1,0,114,122
2,1,12,0,0,2,0,28.7,2.3,0,170,143
3,1,12,3,0,2,0,28.5,3.7,0,96,106
3,1,12,1,0,2,0,29.4,5.2,0,172,159
3,1,12,2,0,2,0,32.5,5.1,0,100,93
3,1,12,4,0,2,0,26.6,4.6,0,194,193
3,1,12,0,0,2,0,29.8,1.8,0,125,122
1,0,12,4,0,2,0,27.2,0.8,0,83,77
1,0,12,0,0,2,0,30.7,0.4,0,131,113
1,0,12,1,0,2,0,26.4,0.2,0,90,72
1,0,12,3,0,2,0,30.7,1.5,0,90,74
1,0,12,2,0,2,0,27.9,2.2,0,157,139
5,0,12,3,0,2,0,31.8,2.2,0,159,146
5,0,12,1,0,2,0,28.9,4.8,0,137,120
5,0,12,2,0,2,0,26.1,2.9,0,134,120
5,0,12,4,0,2,0,29.1,2.4,0,152,124
5,0,12,0,0,2,0,32.6,4.5,0,115,105
6,0,12,3,0,2,0,32.3,3.1,0,110,90
6,0,12,1,0,2,0,30.1,1.8,0,174,144
6,0,12,2,0,2,0,26.4,9.9,0,180,141
6,0,12,4,0,2,0,32.5,9.7,0,170,141
6,0,12,0,0,2,0,31.0,3.5,0,180,170
4,0,12,0,0,2,0,30.9,18.7,0,191,161
4,0,12,4,0,2,0,29.0,4.2,0,131,116
4,0,12,1,0,2,0,30.5,8.9,0,150,129
4,0,12,3,0,2,0,32.2,3.7,0,107,93
4,0,12,2,0,2,0,29.9,5.4,0,116,105
0,0,12,3,0,2,0,31.9,2.3,0,185,150
0,0,12,1,0,2,0,29.8,6.4,0,193,177
0,0,12,2,0,2,0,26.4,8.8,0,199,140
0,0,12,4,0,2,0,28.9,1.4,0,179,127
0,0,12,0,0,2,0,28.5,7.8,0,96,70
2,1,12,0,0,2,0,30.1,5.1,0,186,170
2,1,12,3,0,2,0,28.2,8.7,0,175,195
2,1,12,1,0,2,0,31.3,2.8,0,187,183
2,1,12,2,0,2,0,26.4,1.2,0,133,116
2,1,12,4,0,2,0,31.1,2.0,0,168,155
3,1,12,2,0,2,0,31.0,5.0,0,87,92
3,1,12,4,0,2,0,26.2,3.6,0,129,147
3,1,12,3,0,2,0,29.4,0.3,0,149,150
3,1,12,1,0,2,0,29.9,0.5,0,138,152
3,1,12,0,0,2,0,30.4,2.3,0,133,136
1,0,1,0,0,2,0,30.9,7.6,0,170,122
1,0,1,4,0,2,0,30.8,11.9,0,89,73
1,0,1,2,0,2,0,27.6,4.6,0,192,147
1,0,1,1,0,2,0,32.3,0.8,0,168,148
1,0,1,3,0,2,0,26.3,0.4,0,197,154
5,0,1,3,0,2,0,32.5,5.8,0,166,125
5,0,1,1,0,2,0,29.1,6.4,0,184,162
5,0,1,2,0,2,0,32.5,2.9,0,183,153
5,0,1,4,0,2,0,31.2,5.2,0,146,120
5,0,1,0,0,2,0,30.4,0.0,0,85,62
6,0,1,4,0,2,0,28.6,0.1,0,185,166
6,0,1,2,0,2,0,27.7,2.0,0,100,73
6,0,1,0,0,2,0,27.4,0.3,0,103,72
6,0,1,3,0,2,0,27.9,2.7,0,122,98
6,0,1,1,0,2,0,31.0,3.7,0,89,78
4,0,1,3,0,2,0,26.6,6.6,0,179,150
4,0,1,1,0,2,0,28.0,1.7,0,180,128
4,0,1,2,0,2,0,31.5,7.5,0,150,108
4,0,1,4,0,2,0,32.0,4.0,0,110,97
4,0,1,0,0,2,0,32.9,0.7,0,182,156
0,0,1,3,0,2,0,29.3,12.9,0,118,85
0,0,1,1,0,2,0,33.0,0.1,0,98,71
0,0,1,2,0,2,0,28.5,7.8,0,120,111
0,0,1,4,0,2,0,32.5,0.0,0,150,140
0,0,1,0,0,2,0,32.1,2.8,0,186,152
2,1,1,4,0,2,0,31.3,1.5,0,180,183
2,1,1,2,0,2,0,29.9,2.8,0,97,103
2,1,1,0,0,2,0,26.1,5.7,0,157,145
2,1,1,3,0,2,0,30.2,0.8,0,192,193
2,1,1,1,0,2,0,28.4,2.9,0,152,132
3,1,1,3,0,2,0,29.9,0.0,0,115,130
3,1,1,1,0,2,0,27.7,1.6,0,104,100
3,1,1,2,0,2,0,30.7,0.8,0,85,89
3,1,1,4,0,2,0,29.9,2.0,0,168,179
3,1,1,0,0,2,0,29.8,2.4,0,135,149
1,0,1,3,0,2,0,26.5,4.9,0,95,68
1,0,1,1,0,2,0,28.6,10.4,0,82,75
1,0,1,2,0,2,0,32.6,5.4,0,153,133
1,0,1,4,0,2,0,28.9,2.5,0,112,86
1,0,1,0,0,2,0,27.7,1.8,0,157,122
5,0,1,0,0,2,0,26.9,3.1,0,167,150
5,0,1,4,0,2,0,27.5,2.9,0,177,129
5,0,1,2,0,2,0,30.1,3.0,0,136,127
5,0,1,3,0,2,0,28.7,7.7,0,173,138
5,0,1,1,0,2,0,32.4,0.1,0,123,114
6,0,1,3,0,2,0,27.4,0.4,0,188,134
6,0,1,1,0,2,0,30.7,3.0,0,184,138
6,0,1,2,0,2,0,28.6,2.8,0,130,101
6,0,1,4,0,2,0,29.7,4.2,0,178,149
6,0,1,0,0,2,0,31.7,0.8,0,155,111
4,0,1,3,0,2,0,28.4,5.4,0,150,120
4,0,1,1,0,2,0,27.0,4.4,0,97,91
4,0,1,2,0,2,0,26.5,2.4,0,110,93
4,0,1,4,0,2,0,26.6,2.4,0,181,137
4,0,1,0,0,2,0,30.2,4.8,0,135,104
0,0,1,0,0,2,0,28.1,3.4,0,80,72
0,0,1,4,0,2,0,29.6,0.6,0,173,127
0,0,1,2,0,2,0,28.2,0.8,0,183,155
0,0,1,1,0,2,0,32.2,2.3,0,94,86
0,0,1,3,0,2,0,28.9,9.2,0,89,67
2,1,1,3,0,2,0,28.7,6.4,0,100,107
2,1,1,1,0,2,0,28.3,5.5,0,161,174
2,1,1,2,0,2,0,28.0,4.2,0,115,105
2,1,1,4,0,2,0,26.4,0.6,0,156,159
2,1,1,0,0,2,0,29.7,8.3,0,145,145
3,1,1,4,0,2,1,31.6,2.1,0,121,131
3,1,1,2,0,2,1,28.5,3.1,0,195,211
3,1,1,0,0,2,1,29.9,5.4,0,194,184
3,1,1,3,0,2,1,30.6,1.1,0,130,110
3,1,1,1,0,2,1,29.6,3.0,0,133,127
1,0,1,3,0,2,1,30.3,1.9,0,160,135
1,0,1,1,0,2,1,31.2,1.9,0,88,71
1,0,1,2,0,2,1,32.0,6.4,0,163,136
1,0,1,4,0,2,1,30.6,9.3,0,147,121
1,0,1,0,0,2,1,29.1,1.0,0,185,169
5,0,1,3,0,2,0,28.9,0.4,0,190,144
5,0,1,1,0,2,0,28.0,5.9,0,116,107
5,0,1,2,0,2,0,31.2,0.1,0,143,103
5,0,1,4,0,2,0,28.4,0.4,0,112,102
5,0,1,0,0,2,0,29.3,0.0,0,186,174
6,0,1,4,0,2,0,32.0,5.3,0,121,105
6,0,1,2,0,2,0,27.2,0.5,0,107,92
6,0,1,0,0,2,0,26.5,19.8,0,136,120
6,0,1,3,0,2,0,28.4,0.7,0,83,73
6,0,1,1,0,2,0,27.2,8.8,0,167,156
4,0,1,3,0,2,0,26.8,2.9,0,166,120
4,0,1,1,0,2,0,26.0,2.4,0,184,137
4,0,1,2,0,2,0,32.4,2.5,0,128,109
4,0,1,4,0,2,0,30.2,0.3,0,177,159
4,0,1,0,0,2,0,32.3,14.8,0,115,98
0,0,1,3,0,2,0,27.9,1.4,0,164,150
0,0,1,1,0,2,0,30.5,0.7,0,159,143
0,0,1,2,0,2,0,27.1,0.1,0,161,136
0,0,1,4,0,2,0,27.0,2.2,0,100,83
0,0,1,0,0,2,0,28.2,5.2,0,89,80
2,1,1,0,0,2,0,30.1,4.0,0,175,171
2,1,1,4,0,2,0,28.2,0.4,0,192,167
2,1,1,2,0,2,0,30.8,1.2,0,107,121
2,1,1,3,0,2,0,32.6,7.9,0,112,113
2,1,1,1,0,2,0,31.8,1.4,0,144,126
3,1,1,3,0,2,0,29.0,6.4,0,190,214
3,1,1,1,0,2,0,31.8,3.3,0,129,138
3,1,1,2,0,2,0,26.4,0.1,0,99,107
3,1,1,4,0,2,0,29.6,0.2,0,179,200
3,1,1,0,0,2,0,32.0,4.9,0,166,179
1,0,1,3,0,2,0,32.5,5.9,0,101,76
1,0,1,1,0,2,0,31.7,0.9,0,185,135
1,0,1,2,0,2,0,32.7,1.4,0,129,93
1,0,1,4,0,2,0,29.6,10.0,0,125,99
1,0,1,0,0,2,0,28.7,0.4,0,90,67
5,0,1,4,0,2,0,32.0,2.3,0,182,169
5,0,1,2,0,2,0,28.9,2.4,0,140,112
5,0,1,0,0,2,0,31.5,0.1,0,142,117
5,0,1,3,0,2,0,32.8,9.8,0,136,120
5,0,1,1,0,2,0,31.2,2.9,0,189,141
6,0,1,3,0,2,0,31.1,19.4,0,154,132
6,0,1,1,0,2,0,26.5,9.6,0,98,89
6,0,1,2,0,2,0,27.6,0.9,0,126,101
6,0,1,4,0,2,0,27.3,3.5,0,107,82
6,0,1,0,0,2,0,29.0,5.3,0,111,87
4,0,1,4,0,2,0,26.0,11.0,0,91,72
4,0,1,2,0,2,0,27.4,1.6,0,178,163
4,0,1,0,0,2,0,27.0,2.9,0,120,111
4,0,1,3,0,2,0,32.0,2.3,0,145,108
4,0,1,1,0,2,0,29.4,4.9,0,116,103
0,0,1,3,0,2,0,32.5,1.9,0,113,93
0,0,1,1,0,2,0,26.8,0.5,0,137,107
0,0,1,2,0,2,0,29.0,1.0,0,98,90
0,0,1,4,0,2,0,30.4,5.8,0,187,133
0,0,1,0,0,2,0,27.6,6.5,0,194,154
2,1,1,3,0,2,0,32.3,0.3,0,175,158
2,1,1,1,0,2,0,27.5,1.4,0,154,164
2,1,1,2,0,2,0,30.7,3.0,0,181,174
2,1,1,4,0,2,0,32.5,0.2,0,164,180
2,1,1,0,0,2,0,32.1,3.2,0,152,145
3,1,1,4,0,2,0,29.5,1.5,0,137,139
3,1,1,2,0,2,0,29.1,0.2,0,107,114
3,1,1,0,0,2,0,29.8,0.0,0,94,95
3,1,1,3,0,2,0,28.0,5.1,0,105,98
3,1,1,1,0,2,0,26.7,2.2,0,98,84
1,0,1,3,0,2,0,31.3,0.6,0,92,81
1,0,1,1,0,2,0,32.8,6.3,0,160,131
1,0,1,2,0,2,0,29.1,0.0,0,91,84
1,0,1,4,0,2,0,30.5,2.1,0,128,112
1,0,1,0,0,2,0,32.7,3.0,0,112,106
5,0,1,3,0,2,0,32.5,8.2,0,171,125
5,0,1,1,0,2,0,31.9,1.8,0,141,113
5,0,1,2,0,2,0,26.8,0.3,0,143,102
5,0,1,4,0,2,0,28.9,3.2,0,154,114
5,0,1,0,0,2,0,28.7,1.7,0,167,119
6,0,1,0,0,2,0,32.5,3.5,0,184,150
6,0,1,4,0,2,0,31.6,1.7,0,82,59
6,0,1,2,0,2,0,29.3,0.7,0,127,116
6,0,1,3,0,2,0,27.4,3.1,0,151,119
6,0,1,1,0,2,0,28.3,2.6,0,84,68
4,0,2,3,0,2,0,30.9,6.9,0,144,102
4,0,2,1,0,2,0,27.3,7.1,0,150,131
4,0,2,2,0,2,0,28.7,1.7,0,190,133
4,0,2,4,0,2,0,27.7,0.9,0,82,58
4,0,2,0,0,2,0,27.2,3.7,0,102,84
0,0,2,3,0,2,0,32.1,1.1,0,107,77
0,0,2,1,0,2,0,32.3,1.0,0,179,162
0,0,2,2,0,2,0,32.7,6.3,0,119,95
0,0,2,4,0,2,0,26.5,5.3,0,147,117
0,0,2,0,0,2,0,27.1,4.4,0,89,68
2,1,2,4,0,2,0,27.1,10.8,0,168,176
2,1,2,2,0,2,0,27.9,3.6,0,90,93
2,1,2,0,0,2,0,31.5,6.3,0,160,158
2,1,2,3,0,2,0,30.5,2.4,0,154,168
2,1,2,1,0,2,0,27.9,2.4,0,180,198
3,1,2,3,0,2,0,32.1,3.0,0,178,174
3,1,2,1,0,2,0,27.9,2.5,0,95,103
3,1,2,2,0,2,0,27.7,9.2,0,137,134
3,1,2,4,0,2,0,26.1,1.3,0,159,171
3,1,2,0,0,2,0,26.9,3.7,0,162,155
1,0,2,3,0,2,0,27.7,10.3,0,166,131
1,0,2,1,0,2,0,29.0,3.9,0,142,107
1,0,2,2,0,2,0,31.6,0.2,0,142,122
1,0,2,4,0,2,0,29.9,5.4,0,166,127
1,0,2,0,0,2,0,28.8,2.5,0,145,125
5,0,2,0,0,2,0,32.2,0.0,0,132,125
5,0,2,4,0,2,0,28.2,7.3,0,126,96
5,0,2,3,0,2,0,26.1,4.2,0,138,106
5,0,2,1,0,2,0,26.3,20.9,1,152,120
5,0,2,2,0,2,0,30.8,0.5,0,123,96
6,0,2,3,0,2,0,33.0,0.8,0,158,113
6,0,2,1,0,2,0,26.2,1.1,0,191,180
6,0,2,2,0,2,0,31.1,1.0,0,146,117
6,0,2,4,0,2,0,27.3,2.9,0,135,105
6,0,2,0,0,2,0,28.3,0.0,0,171,125
4,0,2,3,0,2,0,31.4,2.7,0,165,152
4,0,2,1,0,2,0,28.9,2.6,0,95,68
4,0,2,2,0,2,0,29.4,0.8,0,161,124
4,0,2,4,0,2,0,29.2,4.5,0,182,162
4,0,2,0,0,2,0,26.0,10.0,0,188,161
0,0,2,4,0,2,0,26.5,1.5,0,162,118
0,0,2,0,0,2,0,32.7,8.8,0,143,121
0,0,2,2,0,2,0,31.0,5.6,0,85,70
0,0,2,3,0,2,0,30.7,0.5,0,82,71
0,0,2,1,0,2,0,29.3,3.4,0,113,105
2,1,2,3,0,2,0,29.6,1.5,0,85,79
2,1,2,1,0,2,0,30.1,5.2,0,105,115
2,1,2,2,0,2,0,29.5,2.3,0,175,150
2,1,2,4,0,2,0,32.0,2.5,0,171,158
2,1,2,0,0,2,0,32.3,6.8,0,130,124
3,1,2,3,0,2,0,31.2,0.4,0,105,118
3,1,2,1,0,2,0,30.6,2.4,0,179,177
3,1,2,2,0,2,0,27.6,2.1,0,140,131
3,1,2,4,0,2,0,29.4,2.6,0,146,149
3,1,2,0,0,2,0,28.7,2.8,0,105,117
1,0,2,0,0,2,0,28.1,2.7,0,174,139
1,0,2,4,0,2,0,26.9,2.9,0,157,146
1,0,2,2,0,2,0,29.3,1.2,0,162,128
1,0,2,3,0,2,0,26.8,5.7,0,80,60
1,0,2,1,0,2,0,31.7,3.1,0,120,91
5,0,2,3,0,2,0,28.7,6.3,0,167,155
5,0,2,1,0,2,0,32.1,0.3,0,85,63
5,0,2,2,0,2,0,30.3,3.3,0,136,99
5,0,2,4,0,2,0,26.1,3.2,0,158,120
5,0,2,0,0,2,0,26.9,1.4,0,165,126
6,0,2,3,0,2,1,32.0,3.2,0,192,180
6,0,2,1,0,2,1,29.0,0.0,0,172,153
6,0,2,2,0,2,1,28.0,8.7,0,107,88
6,0,2,4,0,2,1,30.3,8.1,0,137,122
6,0,2,0,0,2,1,32.8,6.0,0,191,139
4,0,2,4,0,2,1,30.4,2.0,0,160,114
4,0,2,2,0,2,1,32.0,9.8,0,129,120
4,0,2,0,0,2,1,26.3,5.1,0,92,82
4,0,2,3,0,2,1,29.7,1.3,0,181,129
4,0,2,1,0,2,1,29.4,3.1,0,144,130
0,0,2,3,0,2,0,28.3,6.8,0,149,104
0,0,2,1,0,2,0,31.6,0.3,0,126,90
0,0,2,2,0,2,0,29.1,2.4,0,148,108
0,0,2,4,0,2,0,26.9,0.6,0,121,98
0,0,2,0,0,2,0,32.1,1.4,0,139,124
2,1,2,3,0,2,0,32.9,4.3,0,104,89
2,1,2,1,0,2,0,27.0,3.9,0,120,119
2,1,2,2,0,2,0,29.8,1.3,0,126,127
2,1,2,4,0,2,0,28.4,13.1,0,85,74
2,1,2,0,0,2,0,29.4,0.7,0,185,205
3,1,2,0,0,2,0,29.1,5.9,0,90,85
3,1,2,2,0,2,0,30.7,0.3,0,129,141
3,1,2,4,0,2,0,28.1,6.2,0,129,114
3,1,2,3,0,2,0,30.6,1.7,0,129,133
3,1,2,1,0,2,0,26.9,2.3,0,115,109
1,0,2,3,0,2,0,26.5,18.2,0,197,168
1,0,2,1,0,2,0,26.8,1.5,0,152,116
1,0,2,2,0,2,0,29.7,2.6,0,140,105
1,0,2,4,0,2,0,31.7,5.4,0,140,124
1,0,2,0,0,2,0,27.3,3.4,0,111,93
5,0,2,3,0,2,0,27.3,0.2,0,140,110
5,0,2,1,0,2,0,27.6,0.2,0,170,127
5,0,2,2,0,2,0,32.7,0.6,0,163,130
5,0,2,4,0,2,0,30.9,2.7,0,188,138
5,0,2,0,0,2,0,26.9,3.9,0,196,172
6,0,2,0,0,2,0,27.4,5.3,0,164,135
6,0,2,4,0,2,0,30.9,2.4,0,179,143
6,0,2,3,0,2,0,32.6,1.6,0,192,135
6,0,2,1,0,2,0,27.1,16.8,0,179,156
6,0,2,2,0,2,0,27.2,5.0,0,198,182
4,0,2,3,0,2,0,30.1,0.8,0,95,83
4,0,2,1,0,2,0,29.6,1.4,0,121,94
4,0,2,2,0,2,0,27.8,0.7,0,109,87
4,0,2,4,0,2,0,30.1,0.4,0,188,155
4,0,2,0,0,2,0,31.4,7.4,0,81,71
0,0,2,4,0,2,0,31.7,0.6,0,169,147
0,0,2,2,0,2,0,31.7,3.1,0,171,151
0,0,2,0,0,2,0,27.7,0.3,0,174,128
0,0,2,3,0,2,0,28.3,0.4,0,159,112
0,0,2,1,0,2,0,28.4,5.1,0,110,78
2,1,2,3,0,2,0,29.3,2.8,0,186,168
2,1,2,1,0,2,0,30.7,14.1,0,134,115
2,1,2,2,0,2,0,26.6,2.3,0,124,114
2,1,2,4,0,2,0,31.8,2.7,0,161,177
2,1,2,0,0,2,0,28.1,0.9,0,111,117
3,1,2,3,0,2,0,27.4,4.7,0,107,103
3,1,2,1,0,2,0,29.3,1.8,0,96,102
3,1,2,2,0,2,0,26.4,8.8,0,102,94
3,1,2,4,0,2,0,29.2,0.9,0,174,189
3,1,2,0,0,2,0,31.9,2.9,0,162,147
1,0,2,4,0,2,0,26.8,3.1,0,120,98
1,0,2,2,0,2,0,31.9,5.7,0,147,127
1,0,2,0,0,2,0,30.7,2.8,0,108,103
1,0,2,3,0,2,0,28.0,0.5,0,169,121
1,0,2,1,0,2,0,26.9,4.1,0,101,90
5,0,2,0,0,2,0,31.7,0.2,0,159,112
5,0,2,4,0,2,0,31.8,7.2,0,118,92
5,0,2,3,0,2,0,30.3,2.1,0,140,109
5,0,2,1,0,2,0,33.0,7.5,0,192,178
5,0,2,2,0,2,0,28.6,1.9,0,156,143
6,0,2,3,0,2,0,30.1,4.8,0,131,114
6,0,2,1,0,2,0,26.1,8.2,0,82,59
6,0,2,2,0,2,0,26.4,5.2,0,162,134
6,0,2,4,0,2,0,28.8,4.5,0,176,159
6,0,2,0,0,2,0,32.7,8.6,0,150,109
4,0,2,4,0,2,0,32.8,1.3,0,117,98
4,0,2,2,0,2,0,27.5,4.4,0,131,108
4,0,2,0,0,2,0,32.6,2.1,0,133,122
4,0,2,3,0,2,0,28.8,1.6,0,109,84
4,0,2,1,0,2,0,27.5,3.7,0,176,161
0,0,3,3,0,2,0,29.9,0.8,0,95,90
0,0,3,1,0,2,0,26.2,0.5,0,166,136
0,0,3,2,0,2,0,28.4,3.2,0,144,129
0,0,3,4,0,2,0,26.4,1.8,0,88,76
0,0,3,0,0,2,0,32.7,10.7,0,82,72
2,1,3,0,0,2,0,32.1,5.9,0,99,113
2,1,3,3,0,2,0,27.9,7.5,0,81,74
2,1,3,1,0,2,0,26.6,0.5,0,126,111
2,1,3,2,0,2,0,29.2,2.7,0,164,177
2,1,3,4,0,2,0,28.5,2.1,0,88,82
3,1,3,4,0,2,0,29.1,0.8,0,124,113
3,1,3,0,0,2,0,30.0,6.9,0,189,196
3,1,3,2,0,2,0,29.5,7.7,0,160,165
3,1,3,3,0,2,0,27.2,0.2,0,168,154
3,1,3,1,0,2,0,31.8,4.9,0,130,132
1,0,3,3,0,2,0,26.8,5.1,0,134,107
1,0,3,1,0,2,0,28.4,7.1,0,136,123
1,0,3,2,0,2,0,26.3,1.8,0,163,139
1,0,3,4,0,2,0,30.9,1.4,0,143,106
1,0,3,0,0,2,0,30.1,5.0,0,159,136
5,0,3,3,0,2,0,31.1,1.9,0,101,71
5,0,3,1,0,2,0,26.8,3.1,0,124,100
5,0,3,2,0,2,0,31.1,3.0,0,80,65
5,0,3,4,0,2,0,32.6,0.2,0,159,147
5,0,3,0,0,2,0,26.8,18.5,0,140,111
6,0,3,0,0,2,0,32.3,2.0,0,95,77
6,0,3,4,0,2,0,31.6,3.7,0,132,98
6,0,3,1,0,2,0,27.2,3.5,0,112,104
6,0,3,3,0,2,0,27.6,5.3,0,134,116
6,0,3,2,0,2,0,31.9,7.5,0,159,146
4,0,3,3,0,2,0,28.2,5.5,0,143,134
4,0,3,1,0,2,0,27.3,4.5,0,91,67
4,0,3,2,0,2,0,30.8,2.9,0,129,102
4,0,3,4,0,2,0,27.0,2.1,0,108,96
4,0,3,0,0,2,0,29.4,3.7,0,177,163
0,0,3,3,0,2,0,31.9,8.6,0,182,142
0,0,3,1,0,2,0,30.4,0.2,0,133,123
0,0,3,2,0,2,0,32.8,0.2,0,134,103
0,0,3,4,0,2,0,27.2,4.7,0,166,121
0,0,3,0,0,2,0,29.4,4.6,0,175,126
2,1,3,0,0,2,0,27.9,4.1,0,145,158
2,1,3,4,0,2,0,31.9,1.4,0,109,103
2,1,3,2,0,2,0,29.3,4.1,0,86,91
2,1,3,3,0,2,0,27.0,0.3,0,156,169
2,1,3,1,0,2,0,31.7,0.8,0,196,204
3,1,3,3,0,2,0,28.9,5.8,0,111,112
3,1,3,1,0,2,0,32.2,3.0,0,199,198
3,1,3,2,0,2,0,32.5,3.0,0,84,72
3,1,3,4,0,2,0,26.4,11.1,0,150,152
3,1,3,0,0,2,0,29.9,5.4,0,109,117
1,0,3,4,0,2,0,31.9,9.1,0,176,135
1,0,3,2,0,2,0,30.2,11.0,0,120,98
1,0,3,0,0,2,0,33.0,5.6,0,170,143
1,0,3,3,0,2,0,31.2,1.5,0,181,159
1,0,3,1,0,2,0,30.0,5.4,0,174,133
5,0,3,3,0,2,0,30.9,6.4,0,162,136
5,0,3,1,0,2,0,31.3,3.1,0,174,126
5,0,3,2,0,2,0,28.3,2.3,0,125,101
5,0,3,4,0,2,0,26.5,12.3,0,106,93
5,0,3,0,0,2,0,27.0,4.1,0,130,109
6,0,3,3,0,2,0,32.5,0.0,0,101,85
6,0,3,1,0,2,0,32.5,0.2,0,134,108
6,0,3,2,0,2,0,32.5,3.1,0,87,65
6,0,3,4,0,2,0,32.7,1.9,0,81,58
6,0,3,0,0,2,0,30.4,9.8,0,138,122
4,0,3,4,0,2,1,30.6,0.7,0,88,80
4,0,3,2,0,2,1,29.1,0.2,0,140,109
4,0,3,0,0,2,1,32.2,2.9,0,121,107
4,0,3,3,0,2,1,30.1,0.7,0,123,91
4,0,3,1,0,2,1,31.2,1.4,0,111,88
0,0,3,3,0,2,1,27.8,8.5,0,149,125
0,0,3,1,0,2,1,26.1,0.3,0,92,73
0,0,3,2,0,2,1,31.0,4.3,0,96,80
0,0,3,4,0,2,1,31.5,7.3,0,92,81
0,0,3,0,0,2,1,29.5,4.9,0,144,112
2,1,3,3,0,2,0,32.5,1.0,0,153,144
2,1,3,1,0,2,0,31.6,9.1,0,92,103
2,1,3,2,0,2,0,30.4,1.4,0,123,104
2,1,3,4,0,2,0,32.6,2.7,0,162,178
2,1,3,0,0,2,0,29.5,4.5,0,98,90
3,1,3,0,0,2,0,31.0,7.7,0,123,134
3,1,3,4,0,2,0,30.7,1.5,0,148,129
3,1,3,2,0,2,0,27.3,1.3,0,103,101
3,1,3,3,0,2,0,32.7,3.7,0,170,180
3,1,3,1,0,2,0,26.0,11.0,0,134,140
1,0,3,3,0,2,0,27.7,2.1,0,194,141
1,0,3,1,0,2,0,29.0,1.0,0,180,152
1,0,3,2,0,2,0,30.4,4.2,0,186,157
1,0,3,4,0,2,0,28.5,1.9,0,118,104
1,0,3,0,0,2,0,29.9,7.7,0,155,145
5,0,3,3,0,2,0,28.4,3.3,0,104,83
5,0,3,1,0,2,0,26.9,6.7,0,197,181
5,0,3,2,0,2,0,27.1,2.4,0,180,167
5,0,3,4,0,2,0,31.9,2.5,0,184,155
5,0,3,0,0,2,0,29.1,0.3,0,81,70
6,0,3,4,0,2,0,28.9,2.1,0,156,135
6,0,3,2,0,2,0,27.8,7.2,0,162,133
6,0,3,0,0,2,0,32.2,2.1,0,174,130
6,0,3,3,0,2,0,31.9,1.0,0,133,110
6,0,3,1,0,2,0,26.8,0.1,0,173,149
4,0,3,3,0,2,0,26.1,3.9,0,85,67
4,0,3,1,0,2,0,27.3,2.2,0,147,116
4,0,3,2,0,2,0,26.1,7.3,0,186,165
4,0,3,4,0,2,0,28.3,3.8,0,158,132
4,0,3,0,0,2,0,30.6,2.0,0,83,66
0,0,3,3,0,2,0,28.9,5.5,0,169,142
0,0,3,1,0,2,0,32.2,0.4,0,197,174
0,0,3,2,0,2,0,28.7,11.6,0,180,144
0,0,3,4,0,2,0,27.1,2.8,0,198,142
0,0,3,0,0,2,0,31.0,2.6,0,182,160
2,1,3,0,0,2,0,28.9,3.1,0,80,84
2,1,3,4,0,2,0,31.7,0.4,0,159,176
2,1,3,3,0,2,0,29.4,1.2,0,131,126
2,1,3,1,0,2,0,28.3,6.1,0,166,179
2,1,3,2,0,2,0,26.3,19.4,0,167,155
3,1,3,3,0,2,0,30.3,5.9,0,105,92
3,1,3,1,0,2,0,26.8,2.1,0,176,171
3,1,3,2,0,2,0,32.8,0.2,0,198,222
3,1,3,4,0,2,0,27.8,7.7,0,106,109
3,1,3,0,0,2,0,26.7,0.4,0,179,192
1,0,3,3,0,2,0,30.2,1.6,0,85,69
1,0,3,1,0,2,0,26.8,1.7,0,140,111
1,0,3,2,0,2,0,29.3,1.8,0,89,77
1,0,3,4,0,2,0,27.5,0.6,0,135,99
1,0,3,0,0,2,0,30.4,5.2,0,134,116
5,0,3,4,0,2,0,28.2,0.6,0,147,136
5,0,3,0,0,2,0,26.9,0.1,0,109,93
5,0,3,2,0,2,0,31.8,0.7,0,141,130
5,0,3,3,0,2,0,28.4,0.8,0,105,89
5,0,3,1,0,2,0,26.4,9.0,0,159,138
6,0,3,3,0,2,0,32.6,1.1,0,173,149
6,0,3,1,0,2,0,27.1,9.5,0,122,113
6,0,3,2,0,2,0,28.5,2.1,0,120,106
6,0,3,4,0,2,0,31.0,0.9,0,172,153
6,0,3,0,0,2,0,29.1,1.5,0,143,128
4,0,3,3,0,2,0,31.5,2.4,0,133,115
4,0,3,1,0,2,0,27.0,4.6,0,100,77
4,0,3,2,0,2,0,28.2,0.5,0,177,152
4,0,3,4,0,2,0,27.8,1.4,0,193,140
4,0,3,0,0,2,0,31.0,4.6,0,172,163
0,0,3,0,0,2,0,27.9,5.1,0,185,153
0,0,3,4,0,2,0,30.7,5.9,0,145,131
0,0,3,2,0,2,0,30.7,7.4,0,179,135
0,0,3,3,0,2,0,26.7,2.1,0,131,116
0,0,3,1,0,2,0,27.8,4.7,0,106,76
2,1,3,3,0,2,0,31.9,6.5,0,108,105
2,1,3,1,0,2,0,31.2,1.0,0,163,148
2,1,3,2,0,2,0,29.7,6.6,0,187,193
2,1,3,4,0,2,0,27.7,0.5,0,142,156
2,1,3,0,0,2,0,31.4,1.3,0,181,171
3,1,3,3,0,2,0,32.8,15.6,0,143,161
3,1,3,1,0,2,0,32.2,0.4,0,112,97
3,1,3,2,0,2,0,31.0,0.1,0,151,159
3,1,3,4,0,2,0,29.1,0.5,0,136,153
3,1,3,0,0,2,0,30.9,6.5,0,80,76
1,0,4,4,0,2,0,31.7,0.9,0,166,134
1,0,4,2,0,2,0,32.8,0.1,0,138,105
1,0,4,0,0,2,0,28.9,5.3,0,142,129
1,0,4,3,0,2,0,27.3,4.1,0,165,138
1,0,4,1,0,2,0,30.4,1.2,0,126,94
5,0,4,3,0,2,0,27.7,3.8,0,158,132
5,0,4,1,0,2,0,32.5,12.1,0,96,86
5,0,4,2,0,2,0,31.2,8.9,0,115,99
5,0,4,4,0,2,0,32.7,5.2,0,153,116
5,0,4,0,0,2,0,27.7,1.9,0,195,165
6,0,4,3,0,2,0,32.8,3.0,0,172,160
6,0,4,1,0,2,0,28.9,5.5,0,142,120
6,0,4,2,0,2,0,31.7,17.8,0,93,74
6,0,4,4,0,2,0,32.7,9.7,0,89,67
6,0,4,0,0,2,0,29.5,5.4,0,196,171
4,0,4,0,0,2,0,28.4,0.5,0,169,154
4,0,4,2,0,2,0,31.8,3.6,0,191,148
4,0,4,4,0,2,0,30.4,0.5,0,184,130
4,0,4,3,0,2,0,26.9,6.2,0,121,105
4,0,4,1,0,2,0,28.9,1.3,0,118,92
0,0,4,3,0,2,0,26.2,2.9,0,155,132
0,0,4,1,0,2,0,32.8,1.9,0,165,118
0,0,4,2,0,2,0,28.8,13.3,0,101,81
0,0,4,4,0,2,0,32.1,2.1,0,140,121
0,0,4,0,0,2,0,28.6,12.1,0,149,116
2,1,4,3,0,2,0,32.4,1.5,0,168,153
2,1,4,1,0,2,0,30.7,0.9,0,127,111
2,1,4,2,0,2,0,30.9,2.8,0,113,108
2,1,4,4,0,2,0,28.8,6.1,0,132,130
2,1,4,0,0,2,0,29.4,5.1,0,160,152
3,1,4,0,0,2,0,32.1,1.4,0,186,160
3,1,4,2,0,2,0,29.4,1.4,0,136,126
3,1,4,4,0,2,0,27.7,5.2,0,164,141
3,1,4,3,0,2,0,28.5,0.2,0,98,86
3,1,4,1,0,2,0,32.9,3.9,0,107,116
1,0,4,3,0,2,0,33.0,1.4,0,112,93
1,0,4,1,0,2,0,27.4,1.6,0,89,63
1,0,4,2,0,2,0,26.9,4.8,0,161,121
1,0,4,4,0,2,0,28.6,1.5,0,167,141
1,0,4,0,0,2,0,30.8,3.3,0,175,131
5,0,4,3,0,2,0,28.9,11.1,0,92,74
5,0,4,1,0,2,0,31.4,2.3,0,80,57
5,0,4,2,0,2,0,28.1,0.7,0,163,154
5,0,4,4,0,2,0,32.5,9.1,0,91,72
5,0,4,0,0,2,0,29.5,3.3,0,190,147
6,0,4,2,0,2,0,28.5,0.5,0,165,133
6,0,4,0,0,2,0,30.1,0.4,0,111,85
6,0,4,4,0,2,0,26.0,1.5,0,150,135
6,0,4,1,0,2,0,27.7,1.7,0,169,142
6,0,4,3,0,2,0,31.1,8.2,0,133,99
4,0,4,3,0,2,0,32.4,0.4,0,165,122
4,0,4,1,0,2,0,31.0,4.5,0,103,91
4,0,4,2,0,2,0,29.2,4.6,0,82,62
4,0,4,4,0,2,0,30.1,9.8,0,131,118
4,0,4,0,0,2,0,31.6,5.0,0,195,149
0,0,4,3,0,2,0,33.0,0.4,0,96,91
0,0,4,1,0,2,0,30.3,6.3,0,135,111
0,0,4,2,0,2,0,29.3,9.3,0,110,99
0,0,4,4,0,2,0,26.1,4.3,0,99,81
0,0,4,0,0,2,0,31.7,0.3,0,157,129
2,1,4,0,1,0,0,32.3,4.5,0,91,136
2,1,4,4,1,0,0,28.3,3.5,0,90,119
2,1,4,3,1,0,0,26.9,8.7,0,179,285
2,1,4,1,1,0,0,29.6,2.2,0,88,135
2,1,4,2,1,0,0,27.3,1.0,0,86,142
3,1,4,3,1,0,1,32.8,4.7,0,171,223
3,1,4,1,1,0,1,29.6,7.2,0,178,301
3,1,4,2,1,0,1,30.9,0.9,0,124,200
3,1,4,4,1,0,1,27.8,4.9,0,126,166
3,1,4,0,1,0,1,30.1,5.8,0,194,274
1,0,4,4,0,2,1,26.4,0.4,0,168,147
1,0,4,2,0,2,1,28.1,8.1,0,170,126
1,0,4,0,0,2,1,27.4,2.3,0,173,130
1,0,4,3,0,2,1,28.9,2.8,0,121,115
1,0,4,1,0,2,1,30.5,7.9,0,146,117
5,0,4,3,0,2,0,30.7,4.9,0,100,92
5,0,4,1,0,2,0,29.3,5.5,0,149,120
5,0,4,2,0,2,0,26.9,3.3,0,140,114
5,0,4,4,0,2,0,32.6,2.7,0,193,164
5,0,4,0,0,2,0,30.0,0.7,0,124,92
6,0,4,3,0,2,0,29.3,13.8,0,110,78
6,0,4,1,0,2,0,31.1,8.2,0,113,97
6,0,4,2,0,2,0,31.8,0.2,0,152,125
6,0,4,4,0,2,0,31.3,7.2,0,98,76
6,0,4,0,0,2,0,29.7,0.2,0,168,160
4,0,4,4,0,2,0,29.1,2.0,0,158,132
4,0,4,2,0,2,0,32.0,2.4,0,130,96
4,0,4,0,0,2,0,29.3,1.4,0,90,68
4,0,4,3,0,2,0,31.9,1.8,0,159,129
4,0,4,1,0,2,0,29.6,5.8,0,117,110
0,0,4,3,0,2,0,30.0,2.2,0,97,76
0,0,4,1,0,2,0,30.1,0.3,0,128,98
0,0,4,2,0,2,0,29.4,14.8,0,143,111
0,0,4,4,0,2,0,29.3,12.5,0,188,136
0,0,4,0,0,2,0,32.7,5.0,0,88,63
2,1,4,3,0,2,0,30.0,1.8,0,172,189
2,1,4,1,0,2,0,32.7,2.8,0,121,132
2,1,4,2,0,2,0,31.9,1.8,0,108,98
2,1,4,4,0,2,0,26.0,1.1,0,166,140
2,1,4,0,0,2,0,29.7,1.7,0,123,116
3,1,4,0,0,2,0,32.9,1.5,0,80,68
3,1,4,4,0,2,0,28.9,6.1,0,119,104
3,1,4,1,0,2,0,28.2,0.7,0,120,106
3,1,4,3,0,2,0,29.2,0.6,0,131,145
3,1,4,2,0,2,0,30.0,1.2,0,175,195
1,0,4,3,0,2,0,31.0,0.2,0,104,95
1,0,4,1,0,2,0,32.7,1.1,0,82,64
1,0,4,2,0,2,0,31.1,4.4,0,158,121
1,0,4,4,0,2,0,27.4,4.2,0,104,80
1,0,4,0,0,2,0,30.1,1.2,0,93,85
5,0,4,0,0,2,0,27.9,6.5,0,138,129
5,0,4,3,0,2,0,26.8,6.2,0,86,79
5,0,4,1,0,2,0,30.5,5.2,0,92,86
5,0,4,2,0,2,0,27.0,4.1,0,114,104
5,0,4,4,0,2,0,27.4,5.4,0,124,115
6,0,4,0,0,2,0,28.7,2.7,0,88,71
6,0,4,4,0,2,0,26.6,4.2,0,196,145
6,0,4,2,0,2,0,26.4,9.5,0,138,121
6,0,4,1,0,2,0,26.1,1.0,0,97,69
6,0,4,3,0,2,0,26.7,1.5,0,126,97
4,0,4,3,0,2,0,28.2,0.1,0,180,130
4,0,4,1,0,2,0,29.6,1.1,0,155,112
4,0,4,2,0,2,0,31.6,9.2,0,196,183
4,0,4,4,0,2,0,27.3,15.3,0,147,119
4,0,4,0,0,2,0,27.0,0.1,0,82,66
0,0,4,4,0,2,0,29.2,7.8,0,118,92
0,0,4,2,0,2,0,32.4,1.4,0,164,151
0,0,4,0,0,2,0,27.8,12.5,0,161,123
0,0,4,3,0,2,0,28.2,1.3,0,153,133
0,0,4,1,0,2,0,30.8,6.2,0,96,82
2,1,4,3,0,2,0,28.5,0.7,0,155,150
2,1,4,1,0,2,0,27.1,2.2,0,105,104
2,1,4,2,0,2,0,30.9,3.0,0,100,104
2,1,4,4,0,2,0,30.4,9.6,0,196,188
2,1,4,0,0,2,0,28.8,3.4,0,121,113
3,1,4,3,0,2,0,27.0,8.7,0,163,173
3,1,4,1,0,2,0,30.6,6.8,0,181,196
3,1,4,2,0,2,0,30.6,2.0,0,117,127
3,1,4,4,0,2,0,31.6,7.5,0,172,149
3,1,4,0,0,2,0,32.4,0.4,0,128,123
1,0,4,4,0,2,0,28.0,0.3,0,83,77
1,0,4,2,0,2,0,32.3,4.3,0,199,179
1,0,4,0,0,2,0,29.1,1.3,0,159,129
1,0,4,3,0,2,0,28.8,4.6,0,94,74
1,0,4,1,0,2,0,28.0,1.2,0,184,137
5,0,4,3,0,2,0,27.2,0.9,0,189,173
5,0,4,1,0,2,0,26.5,4.5,0,161,139
5,0,4,2,0,2,0,28.1,1.0,0,161,144
5,0,4,4,0,2,0,32.2,1.0,0,128,115
5,0,4,0,0,2,0,27.0,6.0,0,184,152
6,0,5,3,0,2,0,30.7,7.5,0,82,73
6,0,5,1,0,2,0,30.2,4.3,0,124,104
6,0,5,2,0,2,0,29.7,1.7,0,197,158
6,0,5,4,0,2,0,26.0,2.7,0,105,96
6,0,5,0,0,2,0,27.1,2.4,0,143,123
4,0,5,0,0,2,0,31.9,3.5,0,82,75
4,0,5,4,0,2,0,26.7,0.1,0,196,142
4,0,5,2,0,2,0,32.3,2.0,0,181,170
4,0,5,3,0,2,0,26.6,2.7,0,153,141
4,0,5,1,0,2,0,28.9,9.7,0,80,67
0,0,5,3,0,2,0,26.1,3.7,0,172,135
0,0,5,1,0,2,0,27.8,2.3,0,197,171
0,0,5,2,0,2,0,27.6,0.1,0,188,145
0,0,5,4,0,2,0,31.7,6.4,0,89,74
0,0,5,0,0,2,0,32.2,1.8,0,103,83
2,1,5,3,0,2,0,27.9,1.2,0,136,134
2,1,5,1,0,2,0,28.1,10.5,0,80,84
2,1,5,2,0,2,0,27.5,0.9,0,194,219
2,1,5,4,0,2,0,29.5,0.5,0,104,101
2,1,5,0,0,2,0,29.8,0.9,0,95,107
3,1,5,4,0,2,0,32.6,0.6,0,83,83
3,1,5,2,0,2,0,27.2,4.2,0,161,174
3,1,5,0,0,2,0,26.2,0.7,0,110,97
3,1,5,3,0,2,0,29.4,14.6,0,98,83
3,1,5,1,0,2,0,29.5,3.2,0,89,75
1,0,5,3,0,2,0,31.0,3.1,0,180,167
1,0,5,1,0,2,0,33.0,17.4,0,127,108
1,0,5,2,0,2,0,28.4,3.5,0,83,72
1,0,5,4,0,2,0,28.2,3.7,0,176,142
1,0,5,0,0,2,0,30.6,1.2,0,107,89
5,0,5,3,0,2,0,30.2,13.2,0,187,174
5,0,5,1,0,2,0,28.9,2.5,0,184,167
5,0,5,2,0,2,0,28.3,1.1,0,165,146
5,0,5,4,0,2,0,32.3,8.0,0,165,118
5,0,5,0,0,2,0,31.1,6.6,0,139,122
6,0,5,0,0,2,0,30.7,1.0,0,139,112
6,0,5,4,0,2,0,28.7,8.0,0,91,78
6,0,5,3,0,2,0,31.8,5.4,0,98,89
6,0,5,1,0,2,0,29.7,4.7,0,116,107
6,0,5,2,0,2,0,31.8,4.6,0,81,61
4,0,5,3,0,2,0,27.1,6.6,0,151,123
4,0,5,1,0,2,0,28.7,16.1,0,107,87
4,0,5,2,0,2,0,26.8,2.2,0,190,161
4,0,5,4,0,2,0,28.9,2.3,0,81,72
4,0,5,0,0,2,0,26.2,3.8,0,115,83
0,0,5,3,0,2,0,26.9,0.4,0,81,72
0,0,5,1,0,2,0,27.4,6.0,0,107,101
0,0,5,2,0,2,0,32.0,1.0,0,199,176
0,0,5,4,0,2,0,28.9,5.3,0,173,150
0,0,5,0,0,2,0,29.7,9.2,0,105,89
2,1,5,4,0,2,0,32.8,1.0,0,183,196
2,1,5,0,0,2,0,28.5,6.7,0,195,182
2,1,5,2,0,2,0,26.3,3.1,0,85,75
2,1,5,3,0,2,0,26.5,0.1,0,164,157
2,1,5,1,0,2,0,27.2,1.2,0,182,180
3,1,5,3,0,2,0,30.6,3.3,0,87,74
3,1,5,1,0,2,0,26.8,0.8,0,178,185
3,1,5,2,0,2,0,32.3,0.2,0,181,186
3,1,5,4,0,2,0,28.5,1.6,0,199,175
3,1,5,0,0,2,0,29.5,0.5,0,172,184
1,0,5,3,0,2,0,29.4,1.7,0,182,173
1,0,5,1,0,2,0,30.8,7.4,0,197,149
1,0,5,2,0,2,0,29.7,0.7,0,159,119
1,0,5,4,0,2,0,28.8,7.5,0,157,134
1,0,5,0,0,2,0,28.1,0.4,0,190,150
5,0,5,0,0,2,1,31.0,2.9,0,188,134
5,0,5,4,0,2,1,31.9,3.5,0,130,104
5,0,5,2,0,2,1,28.1,4.2,0,124,103
5,0,5,3,0,2,1,30.0,1.7,0,172,147
5,0,5,1,0,2,1,28.1,13.8,0,166,153
6,0,5,3,0,2,1,29.5,3.5,0,109,98
6,0,5,1,0,2,1,28.5,1.4,0,179,136
6,0,5,2,0,2,1,32.1,0.1,0,97,72
6,0,5,4,0,2,1,29.6,19.4,0,111,79
6,0,5,0,0,2,1,32.4,2.5,0,134,99
4,0,5,3,0,2,0,32.4,2.3,0,87,66
4,0,5,1,0,2,0,26.5,3.4,0,184,150
4,0,5,2,0,2,0,27.7,7.2,0,125,107
4,0,5,4,0,2,0,26.1,4.8,0,142,107
4,0,5,0,0,2,0,29.2,4.7,0,97,90
0,0,5,0,0,2,0,30.8,5.2,0,187,151
0,0,5,4,0,2,0,32.6,9.8,0,158,143
0,0,5,2,0,2,0,28.6,1.0,0,192,179
0,0,5,3,0,2,0,26.9,4.5,0,84,78
0,0,5,1,0,2,0,29.9,0.7,0,190,149
2,1,5,3,0,2,0,28.8,0.8,0,173,188
2,1,5,1,0,2,0,32.9,2.7,0,182,186
2,1,5,2,0,2,0,29.5,0.2,0,112,97
2,1,5,4,0,2,0,32.6,1.8,0,92,87
2,1,5,0,0,2,0,26.1,1.8,0,127,131
3,1,5,3,0,2,0,30.5,4.0,0,120,106
3,1,5,1,0,2,0,29.0,0.9,0,135,149
3,1,5,2,0,2,0,27.5,0.4,0,174,154
3,1,5,4,0,2,0,32.8,3.7,0,92,93
3,1,5,0,0,2,0,29.7,0.2,0,116,120
1,0,5,0,0,2,0,28.7,1.5,0,158,149
1,0,5,2,0,2,0,27.6,0.8,0,142,107
1,0,5,4,0,2,0,27.0,6.4,0,87,80
1,0,5,3,0,2,0,29.5,5.1,0,166,141
1,0,5,1,0,2,0,31.9,1.8,0,186,149
5,0,5,3,0,2,0,26.8,1.5,0,166,129
5,0,5,1,0,2,0,32.0,6.1,0,174,165
5,0,5,2,0,2,0,29.9,1.3,0,141,128
5,0,5,4,0,2,0,26.0,3.3,0,116,107
5,0,5,0,0,2,0,26.2,3.3,0,143,122
6,0,5,3,0,2,0,32.0,1.2,0,174,150
6,0,5,1,0,2,0,30.6,12.3,0,168,145
6,0,5,2,0,2,0,30.1,5.3,0,117,94
6,0,5,4,0,2,0,29.8,4.5,0,94,72
6,0,5,0,0,2,0,26.6,2.2,0,184,161
4,0,5,0,1,1,0,30.5,4.6,0,83,102
4,0,5,4,1,1,0,32.6,6.8,0,96,117
4,0,5,3,1,1,0,30.5,4.7,0,87,102
4,0,5,1,1,1,0,31.3,4.2,0,159,194
4,0,5,2,1,1,0,30.3,1.9,0,174,207
0,0,5,3,0,2,0,28.1,2.9,0,164,147
0,0,5,1,0,2,0,28.6,3.3,0,175,162
0,0,5,2,0,2,0,29.7,5.2,0,158,135
0,0,5,4,0,2,0,28.4,1.4,0,99,73
0,0,5,0,0,2,0,26.8,5.7,0,199,158
2,1,5,4,0,2,0,29.7,0.4,0,170,162
2,1,5,2,0,2,0,30.6,1.3,0,130,114
2,1,5,0,0,2,0,30.0,0.5,0,86,75
2,1,5,3,0,2,0,26.6,0.2,0,92,80
2,1,5,1,0,2,0,31.4,3.8,0,173,147
3,1,5,3,0,2,0,26.3,1.3,0,105,100
3,1,5,1,0,2,0,31.8,2.4,0,188,180
3,1,5,2,0,2,0,30.0,4.8,0,91,82
3,1,5,4,0,2,0,27.0,1.5,0,101,98
3,1,5,0,0,2,0,28.9,4.4,0,133,128
1,0,5,3,0,2,0,30.0,12.2,0,113,105
1,0,5,1,0,2,0,28.2,0.5,0,133,104
1,0,5,2,0,2,0,30.0,12.0,0,97,91
1,0,5,4,0,2,0,31.0,1.4,0,178,166
1,0,5,0,0,2,0,32.0,6.0,0,171,151
5,0,5,4,0,2,0,31.2,6.1,0,102,73
5,0,5,2,0,2,0,29.6,0.5,0,194,154
5,0,5,0,0,2,0,32.5,4.9,0,181,148
5,0,5,3,0,2,0,27.2,7.0,0,197,163
5,0,5,1,0,2,0,26.2,0.6,0,113,87
6,0,5,0,0,2,0,28.0,0.4,0,102,85
6,0,5,4,0,2,0,30.2,8.3,0,164,151
6,0,5,3,0,2,0,28.3,5.6,0,137,121
6,0,5,1,0,2,0,30.4,7.7,0,139,105
6,0,5,2,0,2,0,30.3,2.3,0,97,70
4,0,5,3,0,2,0,31.4,3.0,0,174,136
4,0,5,1,0,2,0,31.0,0.6,0,81,76
4,0,5,2,0,2,0,31.6,2.3,0,188,144
4,0,5,4,0,2,0,30.9,6.5,0,126,103
4,0,5,0,0,2,0,28.3,2.6,0,141,113
0,0,5,4,0,2,0,31.0,12.0,0,96,80
0,0,5,2,0,2,0,32.3,5.1,0,191,162
0,0,5,0,0,2,0,30.8,4.5,0,89,80
0,0,5,3,0,2,0,30.5,3.2,0,126,116
0,0,5,1,0,2,0,29.3,4.3,0,124,117
2,1,6,3,0,2,0,29.9,4.3,0,193,208
2,1,6,1,0,2,0,28.5,11.2,0,153,138
2,1,6,2,0,2,0,32.7,2.9,0,103,106
2,1,6,4,0,2,0,28.9,2.8,0,180,173
2,1,6,0,0,2,0,29.8,3.1,0,187,193
3,1,6,0,0,2,0,29.7,1.7,0,188,174
3,1,6,3,0,2,0,31.7,4.1,0,187,164
3,1,6,1,0,2,0,32.5,3.7,0,128,117
3,1,6,2,0,2,0,29.9,0.5,0,157,168
3,1,6,4,0,2,0,28.6,12.9,0,172,159
1,0,6,4,0,2,0,27.3,0.7,0,105,91
1,0,6,0,0,2,0,30.9,5.1,0,194,147
1,0,6,2,0,2,0,31.6,3.3,0,127,90
1,0,6,3,0,2,0,27.9,7.7,0,107,96
1,0,6,1,0,2,0,30.4,3.7,0,116,88
5,0,6,3,0,2,0,28.2,16.6,0,126,103
5,0,6,1,0,2,0,29.9,7.4,0,85,61
5,0,6,2,0,2,0,31.2,12.9,0,146,121
5,0,6,4,0,2,0,28.9,8.4,0,115,98
5,0,6,0,0,2,0,29.3,10.8,0,196,145
6,0,6,3,0,2,0,30.9,10.5,0,178,151
6,0,6,1,0,2,0,32.4,11.4,0,92,64
6,0,6,2,0,2,0,30.4,3.6,0,181,151
6,0,6,4,0,2,0,32.4,7.5,0,188,161
6,0,6,0,0,2,0,29.7,2.0,0,156,120
4,0,6,0,0,2,0,29.5,4.7,0,191,134
4,0,6,4,0,2,0,31.6,0.7,0,99,72
4,0,6,1,0,2,0,29.1,1.2,0,104,85
4,0,6,3,0,2,0,32.3,10.5,0,91,76
4,0,6,2,0,2,0,26.9,10.5,0,127,91
0,0,6,3,0,2,0,31.9,2.9,0,107,88
0,0,6,1,0,2,0,32.4,2.7,0,189,145
0,0,6,2,0,2,0,29.7,7.1,0,139,119
0,0,6,4,0,2,0,27.7,1.5,0,126,114
0,0,6,0,0,2,0,31.3,1.8,0,106,95
2,1,6,3,0,2,0,26.9,2.4,0,94,91
2,1,6,1,0,2,0,28.3,0.8,0,96,82
2,1,6,2,0,2,0,28.1,1.3,0,143,134
2,1,6,4,0,2,0,27.5,4.5,0,86,89
2,1,6,0,0,2,0,28.7,5.1,0,184,208
3,1,6,0,0,2,0,32.8,2.5,0,112,113
3,1,6,4,0,2,0,31.7,2.1,0,179,193
3,1,6,2,0,2,0,32.5,7.4,0,108,111
3,1,6,3,0,2,0,30.5,1.3,0,115,99
3,1,6,1,0,2,0,28.9,11.5,0,191,207
1,0,6,3,0,2,0,32.6,9.3,0,149,134
1,0,6,1,0,2,0,32.6,0.4,0,115,103
1,0,6,2,0,2,0,27.8,1.7,0,199,177
1,0,6,4,0,2,0,27.0,1.2,0,91,84
1,0,6,0,0,2,0,28.8,1.3,0,116,91
5,0,6,4,0,2,0,32.9,2.5,0,197,184
5,0,6,2,0,2,0,31.1,0.9,0,165,136
5,0,6,0,0,2,0,31.3,0.9,0,93,86
5,0,6,3,0,2,0,31.0,1.8,0,131,111
5,0,6,1,0,2,0,29.5,6.2,0,87,75
6,0,6,3,0,2,0,28.4,1.9,0,112,91
6,0,6,1,0,2,0,31.0,2.0,0,84,74
6,0,6,2,0,2,0,27.2,3.6,0,149,121
6,0,6,4,0,2,0,30.7,3.1,0,168,137
6,0,6,0,0,2,0,28.7,1.2,0,170,151
4,0,6,3,0,2,0,32.0,4.2,0,95,76
4,0,6,1,0,2,0,29.9,1.0,0,134,101
4,0,6,2,0,2,0,26.5,6.2,0,139,118
4,0,6,4,0,2,0,27.3,5.3,0,121,100
4,0,6,0,0,2,0,31.8,2.2,0,103,73
0,0,6,4,0,2,1,27.7,4.8,0,189,176
0,0,6,2,0,2,1,32.0,0.3,0,155,111
0,0,6,0,0,2,1,26.4,0.1,0,194,150
0,0,6,3,0,2,1,26.5,6.5,0,145,131
0,0,6,1,0,2,1,31.5,3.5,0,127,109
2,1,6,3,0,2,1,30.0,1.9,0,169,144
2,1,6,1,0,2,1,32.2,6.7,0,188,184
2,1,6,2,0,2,1,29.8,11.9,0,180,190
2,1,6,4,0,2,1,26.7,4.0,0,182,153
2,1,6,0,0,2,1,26.1,2.5,0,167,167
3,1,6,3,0,2,0,28.8,0.8,0,82,83
3,1,6,1,0,2,0,28.1,0.7,0,165,143
3,1,6,2,0,2,0,28.1,0.2,0,166,165
3,1,6,4,0,2,0,27.1,4.4,0,192,165
3,1,6,0,0,2,0,28.1,9.1,0,92,94
1,0,6,0,0,2,0,27.3,4.8,0,154,146
1,0,6,4,0,2,0,29.9,0.2,0,84,76
1,0,6,2,0,2,0,32.6,6.0,0,138,118
1,0,6,3,0,2,0,27.9,3.0,0,124,87
1,0,6,1,0,2,0,27.5,3.8,0,111,89
5,0,6,3,0,2,0,27.8,3.4,0,163,123
5,0,6,1,0,2,0,26.0,5.0,0,189,151
5,0,6,2,0,2,0,31.0,0.3,0,163,115
5,0,6,4,0,2,0,30.2,3.3,0,193,151
5,0,6,0,0,2,0,28.2,2.4,0,119,92
6,0,6,3,0,2,0,29.1,1.8,0,139,121
6,0,6,1,0,2,0,31.8,1.5,0,112,88
6,0,6,2,0,2,0,30.8,0.1,0,144,117
6,0,6,4,0,2,0,29.2,1.2,0,109,102
6,0,6,0,0,2,0,32.4,2.9,0,102,79
4,0,6,4,0,2,0,27.1,0.0,0,127,117
4,0,6,2,0,2,0,26.5,1.9,0,126,109
4,0,6,0,0,2,0,30.4,0.0,0,150,121
4,0,6,3,0,2,0,31.1,0.5,0,176,132
4,0,6,1,0,2,0,32.4,6.8,0,159,127
0,0,6,3,0,2,0,29.5,4.1,0,99,70
0,0,6,1,0,2,0,28.4,0.8,0,148,125
0,0,6,2,0,2,0,27.5,0.3,0,197,148
0,0,6,4,0,2,0,29.6,5.3,0,191,181
0,0,6,0,0,2,0,29.8,12.0,0,94,68
2,1,6,3,0,2,0,30.3,1.4,0,180,155
2,1,6,1,0,2,0,32.7,0.6,0,161,169
2,1,6,2,0,2,0,30.4,0.8,0,89,92
2,1,6,4,0,2,0,27.9,1.0,0,195,183
2,1,6,0,0,2,0,30.3,11.2,0,170,157
3,1,6,0,0,2,0,30.2,0.8,0,175,162
3,1,6,4,0,2,0,29.1,4.0,0,88,75
3,1,6,3,0,2,0,28.5,2.5,0,123,107
3,1,6,1,0,2,0,32.9,11.9,0,166,187
3,1,6,2,0,2,0,27.1,1.0,0,154,149
1,0,6,3,0,2,0,31.5,0.7,0,139,101
1,0,6,1,0,2,0,27.0,0.1,0,185,168
1,0,6,2,0,2,0,26.7,4.9,0,170,150
1,0,6,4,0,2,0,30.5,4.1,0,172,148
1,0,6,0,0,2,0,27.9,2.8,0,129,109
5,0,6,3,0,2,0,31.8,0.3,0,110,84
5,0,6,1,0,2,0,30.6,5.0,0,169,145
5,0,6,2,0,2,0,32.2,2.7,0,138,107
5,0,6,4,0,2,0,32.1,0.7,0,144,103
5,0,6,0,0,2,0,28.7,1.6,0,97,72
6,0,6,4,0,2,0,28.5,6.3,0,153,124
6,0,6,0,0,2,0,27.6,5.2,0,181,139
6,0,6,2,0,2,0,28.9,0.3,0,106,85
6,0,6,3,0,2,0,27.8,0.7,0,141,108
6,0,6,1,0,2,0,29.8,0.6,0,164,121
4,0,6,3,0,2,0,28.6,2.8,0,141,101
4,0,6,1,0,2,0,27.3,9.6,0,147,131
4,0,6,2,0,2,0,27.2,0.2,0,140,111
4,0,6,4,0,2,0,31.8,0.1,0,131,98
4,0,6,0,0,2,0,31.2,4.8,0,167,134
0,0,6,3,0,2,0,29.1,14.3,0,113,103
0,0,6,1,0,2,0,30.8,11.2,0,103,77
0,0,6,2,0,2,0,29.1,0.3,0,127,118
0,0,6,4,0,2,0,28.7,3.3,0,98,83
0,0,6,0,0,2,0,32.1,0.2,0,124,116
2,1,6,0,0,2,0,27.1,2.2,0,114,114
2,1,6,4,0,2,0,29.5,1.6,0,123,122
2,1,6,2,0,2,0,30.2,6.5,0,114,112
2,1,6,3,0,2,0,31.9,4.7,0,145,151
2,1,6,1,0,2,0,28.0,0.9,0,82,91
3,1,6,3,0,2,0,30.1,0.9,0,102,101
3,1,6,1,0,2,0,32.7,2.6,0,158,157
3,1,6,2,0,2,0,29.9,11.6,0,118,122
3,1,6,4,0,2,0,31.7,3.3,0,153,168
3,1,6,0,0,2,0,28.5,3.7,0,192,204
1,0,7,3,0,2,0,26.3,1.0,0,139,111
1,0,7,1,0,2,0,30.0,2.9,0,162,129
1,0,7,2,0,2,0,27.1,2.0,0,199,146
1,0,7,4,0,2,0,29.6,3.5,0,99,77
1,0,7,0,0,2,0,29.6,0.1,0,93,84
5,0,7,0,0,2,0,29.7,6.6,0,112,84
5,0,7,4,0,2,0,27.4,9.2,0,147,130
5,0,7,1,0,2,0,27.8,0.0,0,103,97
5,0,7,2,0,2,0,29.1,2.0,0,129,115
5,0,7,3,0,2,0,29.9,2.4,0,161,129
6,0,7,3,0,2,0,29.5,4.5,0,106,83
6,0,7,1,0,2,0,27.2,0.0,0,192,176
6,0,7,2,0,2,0,29.5,0.6,0,165,151
6,0,7,4,0,2,0,27.8,1.0,0,92,75
6,0,7,0,0,2,0,26.1,5.3,0,150,111
4,0,7,4,0,2,0,29.2,1.2,0,142,116
4,0,7,2,0,2,0,31.7,0.9,0,85,62
4,0,7,0,0,2,0,31.5,5.5,0,97,86
4,0,7,3,0,2,0,31.0,5.9,0,108,90
4,0,7,1,0,2,0,31.5,1.2,0,148,139
0,0,7,3,0,2,0,29.6,3.9,0,82,70
0,0,7,1,0,2,0,26.1,0.1,0,123,102
0,0,7,2,0,2,0,31.8,4.3,0,143,128
0,0,7,4,0,2,0,28.1,0.1,0,150,137
0,0,7,0,0,2,0,30.5,1.7,0,123,104
2,1,7,3,0,2,0,32.9,1.1,0,141,160
2,1,7,1,0,2,0,27.4,3.4,0,152,128
2,1,7,2,0,2,0,31.1,4.3,0,94,104
2,1,7,4,0,2,0,27.5,4.0,0,85,91
2,1,7,0,0,2,0,27.9,2.6,0,192,181
3,1,7,4,0,2,0,32.6,3.1,0,99,103
3,1,7,2,0,2,0,26.7,9.5,0,88,92
3,1,7,0,0,2,0,30.5,0.1,0,80,68
3,1,7,3,0,2,0,27.2,2.2,0,98,98
3,1,7,1,0,2,0,29.6,1.2,0,196,189
1,0,7,3,0,2,0,27.8,2.9,0,145,103
1,0,7,1,0,2,0,29.4,5.0,0,139,129
1,0,7,2,0,2,0,30.5,2.1,0,115,87
1,0,7,4,0,2,0,31.4,14.2,0,193,168
1,0,7,0,0,2,0,29.9,6.2,0,198,151
5,0,7,3,0,2,0,30.2,0.1,0,136,99
5,0,7,1,0,2,0,31.8,1.2,0,106,82
5,0,7,2,0,2,0,32.1,5.8,0,104,85
5,0,7,4,0,2,0,28.6,1.7,0,175,154
5,0,7,0,0,2,0,32.0,2.6,0,190,156
6,0,7,0,0,2,0,31.7,7.8,0,137,110
6,0,7,4,0,2,0,27.1,6.2,0,184,162
6,0,7,2,0,2,0,27.1,21.6,1,196,119
6,0,7,3,0,2,0,31.5,2.6,0,123,98
6,0,7,1,0,2,0,28.6,0.0,0,158,146
4,0,7,3,0,2,0,31.8,4.6,0,139,111
4,0,7,1,0,2,0,31.9,1.8,0,194,136
4,0,7,2,0,2,0,26.3,9.4,0,105,75
4,0,7,4,0,2,0,30.0,8.0,0,117,107
4,0,7,0,0,2,0,29.4,1.6,0,198,146
0,0,7,3,0,2,0,31.9,2.9,0,184,159
0,0,7,1,0,2,0,32.8,5.2,0,116,94
0,0,7,2,0,2,0,27.4,9.7,0,119,106
0,0,7,4,0,2,0,27.4,5.0,0,117,88
0,0,7,0,0,2,0,30.2,0.4,0,104,84
2,1,7,0,0,2,0,32.9,6.5,0,161,170
2,1,7,4,0,2,0,27.3,1.4,0,140,126
2,1,7,2,0,2,0,31.0,1.8,0,110,119
2,1,7,1,0,2,0,30.0,1.8,0,148,134
2,1,7,3,0,2,0,31.4,5.3,0,109,105
3,1,7,3,0,2,1,26.7,5.1,0,88,80
3,1,7,1,0,2,1,32.0,5.4,0,88,84
3,1,7,2,0,2,1,27.0,3.3,0,136,128
3,1,7,4,0,2,1,32.7,9.6,0,195,174
3,1,7,0,0,2,1,26.2,1.6,0,96,84
1,0,7,4,0,2,1,30.5,1.1,0,95,77
1,0,7,2,0,2,1,27.9,8.2,0,119,99
1,0,7,0,0,2,1,33.0,7.2,0,110,86
1,0,7,3,0,2,1,31.3,2.6,0,137,128
1,0,7,1,0,2,1,26.9,1.0,0,94,76
5,0,7,3,0,2,0,30.0,16.0,0,161,113
5,0,7,1,0,2,0,28.1,0.5,0,109,93
5,0,7,2,0,2,0,26.6,6.9,0,157,147
5,0,7,4,0,2,0,26.4,0.0,0,195,140
5,0,7,0,0,2,0,26.6,2.2,0,147,113
6,0,7,3,0,2,0,29.6,2.3,0,190,177
6,0,7,1,0,2,0,29.7,1.7,0,185,137
6,0,7,2,0,2,0,28.4,5.4,0,140,126
6,0,7,4,0,2,0,31.5,15.2,0,161,136
6,0,7,0,0,2,0,29.4,3.2,0,117,93
4,0,7,4,0,2,0,29.4,7.1,0,110,94
4,0,7,2,0,2,0,32.5,5.5,0,150,112
4,0,7,0,0,2,0,26.9,3.5,0,118,92
4,0,7,3,0,2,0,31.2,3.7,0,145,129
4,0,7,1,0,2,0,27.0,0.3,0,122,111
0,0,7,3,0,2,0,32.4,8.2,0,127,96
0,0,7,1,0,2,0,29.4,4.5,0,143,129
0,0,7,2,0,2,0,29.2,1.6,0,121,99
0,0,7,4,0,2,0,32.3,7.2,0,93,86
0,0,7,0,0,2,0,32.6,2.0,0,183,160
2,1,7,3,0,2,0,31.2,0.8,0,191,195
2,1,7,1,0,2,0,29.3,8.0,0,152,171
2,1,7,2,0,2,0,28.6,0.2,0,136,150
2,1,7,4,0,2,0,31.1,10.5,0,138,117
2,1,7,0,0,2,0,30.4,2.2,0,135,123
3,1,7,0,0,2,0,30.3,11.0,0,105,99
3,1,7,4,0,2,0,27.4,1.3,0,192,217
3,1,7,2,0,2,0,27.1,9.7,0,166,168
3,1,7,3,0,2,0,26.7,1.2,0,105,112
3,1,7,1,0,2,0,32.6,3.6,0,198,210
1,0,7,3,0,2,0,32.3,1.4,0,109,100
1,0,7,1,0,2,0,29.6,20.0,0,144,109
1,0,7,2,0,2,0,29.9,5.8,0,138,101
1,0,7,4,0,2,0,28.6,0.1,0,130,123
1,0,7,0,0,2,0,31.7,2.5,0,84,69
5,0,7,3,0,2,0,29.6,0.6,0,188,140
5,0,7,1,0,2,0,31.7,9.8,0,84,64
5,0,7,2,0,2,0,26.3,3.5,0,151,132
5,0,7,4,0,2,0,29.2,1.1,0,163,145
5,0,7,0,0,2,0,29.5,9.0,0,98,93
6,0,7,4,0,2,0,30.6,2.7,0,93,75
6,0,7,2,0,2,0,27.8,9.6,0,159,133
6,0,7,0,0,2,0,26.1,3.8,0,99,88
6,0,7,3,0,2,0,27.3,0.4,0,83,78
6,0,7,1,0,2,0,27.9,0.9,0,106,90
4,0,7,3,0,2,0,27.6,1.0,0,131,103
4,0,7,1,0,2,0,29.4,15.4,0,131,104
4,0,7,2,0,2,0,30.1,5.1,0,128,98
4,0,7,4,0,2,0,29.7,3.7,0,151,143
4,0,7,0,0,2,0,28.4,4.9,0,165,130
0,0,7,4,0,2,0,30.3,0.4,0,119,84
0,0,7,2,0,2,0,30.4,1.2,0,192,139
0,0,7,0,0,2,0,32.9,4.6,0,165,145
0,0,7,3,0,2,0,29.8,4.5,0,113,84
0,0,7,1,0,2,0,27.8,0.1,0,166,117
2,1,7,3,0,2,0,26.5,6.9,0,135,147
2,1,7,1,0,2,0,26.1,4.2,0,143,163
2,1,7,2,0,2,0,27.6,3.9,0,179,157
2,1,7,4,0,2,0,29.4,3.9,0,167,173
2,1,7,0,0,2,0,30.0,3.2,0,169,157
3,1,7,3,0,2,0,32.4,8.1,0,92,95
3,1,7,1,0,2,0,31.5,6.1,0,106,116
3,1,7,2,0,2,0,31.9,2.6,0,118,108
3,1,7,4,0,2,0,28.0,0.2,0,151,151
3,1,7,0,0,2,0,27.8,1.8,0,114,127
1,0,7,4,0,2,0,29.2,0.1,0,152,126
1,0,7,2,0,2,0,28.9,1.7,0,143,131
1,0,7,0,0,2,0,27.7,0.8,0,132,110
1,0,7,3,0,2,0,31.8,3.2,0,182,165
1,0,7,1,0,2,0,28.9,2.9,0,199,146
5,0,7,3,0,2,0,30.8,2.5,0,117,103
5,0,7,1,0,2,0,30.8,2.5,0,187,143
5,0,7,2,0,2,0,32.2,1.6,0,114,104
5,0,7,4,0,2,0,32.1,0.7,0,184,137
5,0,7,0,0,2,0,26.2,2.9,0,193,178
6,0,7,3,0,2,0,27.6,10.6,0,132,125
6,0,7,1,0,2,0,30.7,1.1,0,129,107
6,0,7,2,0,2,0,27.2,1.5,0,185,149
6,0,7,4,0,2,0,32.7,5.1,0,159,118
6,0,7,0,0,2,0,26.2,4.0,0,102,93
4,0,8,0,0,2,0,29.3,4.5,0,129,97
4,0,8,4,0,2,0,32.8,1.2,0,165,142
4,0,8,2,0,2,0,30.9,1.4,0,185,163
4,0,8,3,0,2,0,30.8,9.1,0,173,160
4,0,8,1,0,2,0,31.5,3.9,0,180,133
0,0,8,3,0,2,0,27.8,2.9,0,116,98
0,0,8,1,0,2,0,30.5,2.4,0,139,117
0,0,8,2,0,2,0,31.4,1.6,0,144,101
0,0,8,4,0,2,0,28.6,1.3,0,174,142
0,0,8,0,0,2,0,28.2,1.2,0,110,81
2,1,8,3,0,2,0,31.3,0.4,0,120,102
2,1,8,1,0,2,0,30.9,1.2,0,196,211
2,1,8,2,0,2,0,32.5,4.4,0,198,201
2,1,8,4,0,2,0,29.5,8.3,0,186,171
2,1,8,0,0,2,0,28.1,2.9,0,124,139
3,1,8,4,0,2,0,26.3,3.5,0,128,139
3,1,8,2,0,2,0,29.0,15.5,0,84,83
3,1,8,0,0,2,0,28.5,2.3,0,137,130
3,1,8,3,0,2,0,31.8,0.2,0,142,159
3,1,8,1,0,2,0,26.4,1.8,0,173,165
1,0,8,3,0,2,0,32.5,7.1,0,156,148
1,0,8,1,0,2,0,31.0,0.7,0,195,167
1,0,8,2,0,2,0,27.0,3.0,0,85,78
1,0,8,4,0,2,0,30.0,1.7,0,132,125
1,0,8,0,0,2,0,32.1,1.8,0,101,77
5,0,8,3,0,2,0,31.2,6.6,0,146,116
5,0,8,1,0,2,0,26.5,5.0,0,120,111
5,0,8,2,0,2,0,27.6,9.6,0,169,136
5,0,8,4,0,2,0,28.1,9.8,0,127,91
5,0,8,0,0,2,0,31.0,3.0,0,177,148
6,0,8,0,0,2,0,28.5,1.6,0,162,120
6,0,8,4,0,2,0,29.4,8.2,0,173,148
6,0,8,3,0,2,0,26.6,6.2,0,156,131
6,0,8,1,0,2,0,27.8,12.5,0,128,115
